X,Y,altitude,temperature,obs
16,1,1.711387755,8.266497462,1
15,2,1.860204082,8.154822335,1
16,2,1.785795918,8.098984772,1
17,2,1.785795918,8.098984772,0
18,2,1.785795918,8.098984772,0
19,2,1.860204082,8.098984772,1
15,3,1.860204082,8.154822335,1
16,3,1.785795918,8.154822335,1
17,3,1.785795918,8.154822335,0
18,3,1.785795918,8.154822335,1
19,3,1.785795918,8.154822335,1
20,3,1.785795918,8.098984772,1
21,3,1.785795918,8.154822335,1
22,3,1.785795918,8.154822335,1
23,3,1.785795918,8.154822335,1
24,3,1.860204082,8.154822335,1
15,4,1.860204082,8.154822335,1
16,4,1.785795918,8.210659898,1
17,4,1.785795918,8.210659898,1
18,4,1.785795918,8.210659898,1
19,4,1.785795918,8.210659898,1
20,4,1.785795918,8.210659898,1
21,4,1.785795918,8.210659898,1
22,4,1.785795918,8.210659898,1
23,4,1.785795918,8.210659898,1
24,4,1.860204082,8.210659898,1
25,4,1.711387755,8.266497462,1
26,4,0.22322449,8.210659898,1
15,5,1.711387755,8.154822335,1
16,5,1.860204082,8.043147208,1
17,5,1.711387755,8.098984772,1
18,5,1.785795918,8.098984772,0
19,5,1.785795918,8.098984772,1
20,5,1.785795918,8.098984772,1
21,5,1.785795918,8.098984772,1
22,5,1.785795918,8.098984772,1
23,5,1.785795918,8.098984772,1
24,5,1.785795918,8.098984772,1
25,5,1.785795918,8.098984772,1
26,5,1.785795918,8.154822335,1
44,5,0,8.210659898,0
45,5,1.785795918,8.098984772,1
46,5,1.785795918,8.098984772,1
17,6,1.785795918,8.154822335,0
18,6,1.785795918,8.154822335,0
19,6,1.785795918,8.154822335,1
20,6,1.785795918,8.154822335,1
21,6,1.785795918,8.154822335,1
22,6,1.785795918,8.154822335,1
23,6,1.785795918,8.154822335,1
24,6,1.785795918,8.154822335,1
25,6,1.785795918,8.154822335,1
26,6,1.785795918,8.154822335,1
32,6,1.785795918,8.098984772,1
33,6,0,8.043147208,1
44,6,1.711387755,8.098984772,1
45,6,1.785795918,8.154822335,1
46,6,1.785795918,8.098984772,1
47,6,1.860204082,8.098984772,1
48,6,0,8.043147208,0
17,7,0,8.210659898,0
18,7,1.711387755,8.210659898,0
19,7,1.785795918,8.210659898,0
20,7,1.785795918,8.210659898,1
21,7,1.785795918,8.210659898,1
22,7,1.785795918,8.210659898,1
23,7,1.785795918,8.210659898,1
24,7,1.785795918,8.210659898,1
25,7,1.785795918,8.210659898,1
26,7,1.785795918,8.154822335,1
27,7,1.860204082,8.210659898,1
28,7,1.711387755,8.210659898,1
32,7,1.785795918,8.322335025,1
33,7,1.785795918,8.210659898,1
40,7,1.785795918,8.154822335,1
41,7,1.785795918,8.154822335,1
42,7,1.785795918,8.154822335,1
43,7,1.785795918,8.154822335,1
44,7,1.785795918,8.098984772,1
45,7,1.785795918,8.210659898,1
46,7,1.785795918,8.210659898,1
47,7,1.785795918,8.378172589,1
17,8,1.785795918,8.154822335,1
18,8,1.785795918,8.098984772,1
19,8,1.785795918,8.098984772,0
20,8,1.785795918,8.098984772,1
21,8,1.785795918,8.098984772,1
22,8,1.785795918,8.098984772,1
23,8,1.785795918,8.098984772,1
24,8,1.785795918,8.098984772,1
25,8,1.785795918,8.098984772,1
26,8,1.785795918,8.098984772,1
27,8,1.785795918,8.098984772,1
28,8,1.785795918,8.098984772,1
29,8,1.785795918,8.210659898,1
30,8,1.785795918,8.098984772,1
31,8,1.785795918,8.098984772,1
32,8,1.785795918,8.098984772,1
40,8,1.785795918,8.154822335,1
41,8,1.785795918,8.098984772,1
42,8,1.785795918,8.098984772,1
43,8,1.785795918,8.098984772,1
44,8,1.785795918,8.098984772,1
45,8,1.785795918,8.098984772,1
46,8,1.785795918,8.154822335,1
47,8,1.785795918,8.043147208,1
48,8,1.785795918,8.154822335,1
17,9,1.711387755,8.154822335,1
18,9,1.785795918,8.098984772,1
19,9,1.785795918,8.098984772,0
20,9,1.785795918,8.098984772,1
21,9,1.785795918,8.098984772,1
22,9,1.785795918,8.098984772,1
23,9,1.785795918,8.098984772,1
24,9,1.785795918,8.098984772,1
25,9,1.785795918,8.098984772,1
26,9,1.785795918,8.098984772,1
27,9,1.785795918,8.098984772,1
28,9,1.785795918,8.098984772,1
29,9,1.785795918,8.098984772,1
30,9,1.785795918,8.098984772,1
31,9,1.785795918,8.043147208,1
32,9,1.785795918,8.098984772,1
38,9,0,8.098984772,0
39,9,1.860204082,8.098984772,1
40,9,1.785795918,8.043147208,1
41,9,1.785795918,8.098984772,1
42,9,1.785795918,8.098984772,1
43,9,1.785795918,8.098984772,1
44,9,1.785795918,8.098984772,1
45,9,1.785795918,8.098984772,1
46,9,1.785795918,8.210659898,1
48,9,0,8.154822335,1
13,10,0,8.657360406,0
18,10,1.785795918,8.098984772,0
19,10,1.785795918,8.098984772,0
20,10,1.785795918,8.154822335,1
21,10,1.785795918,8.154822335,1
22,10,1.785795918,8.154822335,1
23,10,1.785795918,8.154822335,1
24,10,1.785795918,8.154822335,1
25,10,1.785795918,8.154822335,1
26,10,1.785795918,8.154822335,1
27,10,1.785795918,8.154822335,1
28,10,1.785795918,8.154822335,1
29,10,1.785795918,8.154822335,1
30,10,1.785795918,8.154822335,1
31,10,1.785795918,8.154822335,1
32,10,1.785795918,8.154822335,1
35,10,1.711387755,8.098984772,0
36,10,1.785795918,8.098984772,1
37,10,1.785795918,8.098984772,1
38,10,1.785795918,8.154822335,1
39,10,1.860204082,8.154822335,1
40,10,1.785795918,8.154822335,1
41,10,1.785795918,8.154822335,1
42,10,1.785795918,8.154822335,1
43,10,1.785795918,8.154822335,1
44,10,1.785795918,8.154822335,0
45,10,1.785795918,8.154822335,1
46,10,1.785795918,7.987309645,1
47,10,1.636979592,8.210659898,0
48,10,1.785795918,8.043147208,1
49,10,0,8.154822335,0
17,11,0,0.114213198,0
18,11,0,0.281725888,1
19,11,1.785795918,8.098984772,1
20,11,1.785795918,8.154822335,1
21,11,1.785795918,8.154822335,1
22,11,1.785795918,8.154822335,1
23,11,1.785795918,8.154822335,1
24,11,1.785795918,8.154822335,1
25,11,1.785795918,8.154822335,1
26,11,1.785795918,8.154822335,1
27,11,1.785795918,8.154822335,1
28,11,1.785795918,8.154822335,1
29,11,1.785795918,8.154822335,1
30,11,1.785795918,8.154822335,1
31,11,0,8.154822335,1
32,11,1.785795918,8.154822335,1
33,11,0,8.098984772,0
34,11,1.785795918,8.154822335,0
35,11,1.785795918,8.154822335,1
36,11,1.785795918,8.154822335,1
37,11,1.785795918,8.154822335,1
38,11,1.785795918,8.154822335,1
39,11,1.785795918,8.154822335,1
40,11,1.785795918,8.154822335,1
41,11,1.785795918,8.154822335,1
42,11,1.785795918,8.154822335,1
43,11,1.785795918,8.154822335,1
44,11,1.785795918,8.154822335,0
45,11,1.785795918,8.154822335,1
46,11,1.785795918,8.154822335,1
47,11,1.785795918,8.154822335,1
48,11,1.785795918,8.154822335,1
49,11,1.785795918,8.154822335,1
50,11,1.785795918,8.154822335,1
16,12,1.785795918,8.154822335,1
17,12,0.074408163,8.154822335,1
19,12,1.785795918,8.154822335,1
20,12,1.785795918,8.154822335,1
21,12,1.785795918,8.154822335,1
22,12,1.785795918,8.154822335,1
23,12,1.785795918,8.154822335,1
24,12,1.785795918,8.154822335,1
25,12,1.785795918,8.154822335,1
26,12,1.785795918,8.154822335,1
27,12,1.785795918,8.154822335,1
28,12,1.785795918,8.154822335,1
29,12,1.785795918,8.154822335,1
30,12,1.785795918,8.154822335,1
31,12,1.711387755,8.154822335,1
32,12,1.711387755,8.154822335,1
33,12,1.785795918,8.154822335,1
34,12,1.785795918,8.154822335,0
35,12,1.785795918,8.154822335,0
36,12,1.785795918,8.154822335,1
37,12,1.785795918,8.154822335,1
38,12,1.785795918,8.154822335,1
39,12,1.785795918,8.154822335,1
40,12,1.785795918,8.154822335,1
41,12,1.785795918,8.154822335,1
42,12,1.785795918,8.154822335,1
43,12,1.785795918,8.154822335,1
44,12,1.785795918,8.154822335,1
45,12,1.785795918,8.154822335,1
46,12,1.785795918,8.154822335,1
47,12,1.785795918,8.154822335,1
48,12,1.785795918,8.154822335,1
49,12,1.785795918,8.154822335,1
50,12,1.711387755,8.154822335,1
51,12,1.711387755,8.098984772,1
17,13,1.785795918,7.987309645,1
18,13,1.785795918,8.154822335,1
19,13,1.785795918,8.154822335,0
20,13,1.785795918,8.098984772,1
21,13,1.785795918,8.098984772,1
22,13,1.785795918,8.098984772,1
23,13,1.785795918,8.098984772,1
24,13,1.785795918,8.098984772,1
25,13,1.785795918,8.098984772,1
26,13,1.785795918,8.098984772,1
27,13,1.785795918,8.098984772,1
28,13,1.785795918,8.098984772,1
29,13,1.785795918,8.098984772,1
30,13,1.785795918,8.098984772,1
31,13,1.785795918,8.098984772,1
32,13,1.785795918,8.098984772,1
33,13,1.785795918,8.098984772,1
34,13,1.785795918,8.098984772,1
35,13,1.785795918,8.098984772,1
36,13,1.785795918,8.098984772,1
37,13,1.785795918,8.098984772,1
38,13,1.785795918,8.098984772,1
39,13,1.785795918,8.098984772,1
40,13,1.785795918,8.098984772,1
41,13,1.785795918,8.098984772,1
42,13,1.785795918,8.098984772,1
43,13,1.785795918,8.098984772,1
44,13,1.785795918,8.098984772,1
45,13,1.785795918,8.098984772,1
46,13,1.785795918,8.098984772,1
47,13,1.785795918,8.098984772,1
48,13,1.785795918,8.098984772,1
49,13,1.785795918,8.098984772,1
50,13,1.785795918,8.098984772,0
51,13,1.785795918,8.154822335,0
8,14,0,8.657360406,0
9,14,1.785795918,8.098984772,1
10,14,1.785795918,8.154822335,1
11,14,1.785795918,8.154822335,1
12,14,1.785795918,8.154822335,1
13,14,1.785795918,8.154822335,1
14,14,1.785795918,8.098984772,0
15,14,0.074408163,0.225888325,0
16,14,0.074408163,7.987309645,0
17,14,1.785795918,8.043147208,1
18,14,1.785795918,8.043147208,1
19,14,1.785795918,8.043147208,1
20,14,1.785795918,8.043147208,1
21,14,1.785795918,8.043147208,1
22,14,1.785795918,8.043147208,1
23,14,1.785795918,8.043147208,1
24,14,1.785795918,8.043147208,1
25,14,1.785795918,8.043147208,1
26,14,1.785795918,8.043147208,1
27,14,1.785795918,8.043147208,1
28,14,1.785795918,8.043147208,1
29,14,1.785795918,8.043147208,1
30,14,1.785795918,8.043147208,1
31,14,1.785795918,8.043147208,1
32,14,1.785795918,8.043147208,1
33,14,1.785795918,8.043147208,1
34,14,1.785795918,8.043147208,1
35,14,1.785795918,8.043147208,1
36,14,1.785795918,8.043147208,1
37,14,1.785795918,8.043147208,1
38,14,1.785795918,8.043147208,1
39,14,1.785795918,8.043147208,1
40,14,1.785795918,8.043147208,1
41,14,1.785795918,8.043147208,1
42,14,1.785795918,8.043147208,1
43,14,1.785795918,8.043147208,1
44,14,1.785795918,8.043147208,0
45,14,1.785795918,8.043147208,1
46,14,1.785795918,8.043147208,1
47,14,1.785795918,8.043147208,1
48,14,1.785795918,8.043147208,1
49,14,1.785795918,8.043147208,1
50,14,1.785795918,8.043147208,1
51,14,1.785795918,8.154822335,1
6,15,1.785795918,8.657360406,1
7,15,1.711387755,8.601522843,1
8,15,1.785795918,8.154822335,1
9,15,1.785795918,8.154822335,0
10,15,1.785795918,8.154822335,1
11,15,1.785795918,8.154822335,1
12,15,1.785795918,8.154822335,1
13,15,1.785795918,8.154822335,1
14,15,1.785795918,8.154822335,0
15,15,0.22322449,8.154822335,0
16,15,0,8.154822335,0
17,15,1.785795918,8.154822335,1
18,15,1.785795918,8.154822335,1
19,15,1.785795918,8.154822335,1
20,15,1.785795918,8.154822335,1
21,15,1.785795918,8.154822335,1
22,15,1.785795918,8.154822335,1
23,15,1.785795918,8.154822335,1
24,15,1.785795918,8.154822335,1
25,15,1.785795918,8.154822335,1
26,15,1.785795918,8.154822335,1
27,15,1.785795918,8.154822335,1
28,15,1.785795918,8.154822335,1
29,15,1.785795918,8.154822335,1
30,15,1.785795918,8.154822335,1
31,15,1.785795918,8.154822335,1
32,15,1.785795918,8.154822335,1
33,15,1.785795918,8.154822335,1
34,15,1.785795918,8.154822335,1
35,15,1.785795918,8.154822335,1
36,15,1.785795918,8.154822335,1
37,15,1.785795918,8.154822335,1
38,15,1.785795918,8.154822335,1
39,15,1.785795918,8.154822335,1
40,15,1.785795918,8.154822335,1
41,15,1.785795918,8.154822335,1
42,15,1.785795918,8.154822335,1
43,15,1.785795918,8.154822335,1
44,15,1.785795918,8.154822335,0
45,15,1.785795918,8.154822335,1
46,15,1.785795918,8.154822335,1
47,15,1.785795918,8.154822335,1
48,15,1.785795918,8.154822335,1
49,15,1.785795918,8.154822335,1
50,15,1.785795918,8.154822335,1
51,15,1.785795918,8.098984772,1
5,16,0,8.601522843,0
6,16,1.785795918,8.601522843,1
7,16,0,8.154822335,0
8,16,1.785795918,8.098984772,0
9,16,1.785795918,8.154822335,0
10,16,1.785795918,8.154822335,1
11,16,1.785795918,8.154822335,1
12,16,1.785795918,8.154822335,1
13,16,1.785795918,8.154822335,1
14,16,1.785795918,8.154822335,1
15,16,1.785795918,8.154822335,0
16,16,1.785795918,8.154822335,0
17,16,1.785795918,8.154822335,1
18,16,1.785795918,8.154822335,1
19,16,1.785795918,8.154822335,1
20,16,1.785795918,8.154822335,1
21,16,1.785795918,8.154822335,1
22,16,1.785795918,8.154822335,1
23,16,1.785795918,8.154822335,1
24,16,1.785795918,8.154822335,1
25,16,1.785795918,8.601522843,1
26,16,1.785795918,8.154822335,1
27,16,1.785795918,8.154822335,1
28,16,1.785795918,8.154822335,1
29,16,1.785795918,8.154822335,1
30,16,1.785795918,8.154822335,1
31,16,1.785795918,8.154822335,1
32,16,1.785795918,8.154822335,1
33,16,1.785795918,8.154822335,1
34,16,1.785795918,8.154822335,1
35,16,1.785795918,8.154822335,1
36,16,1.785795918,8.154822335,1
37,16,1.785795918,8.154822335,1
38,16,1.785795918,8.154822335,1
39,16,1.785795918,8.154822335,1
40,16,1.785795918,8.154822335,1
41,16,1.785795918,8.154822335,1
42,16,1.785795918,8.154822335,1
43,16,1.785795918,8.154822335,1
44,16,1.785795918,8.154822335,1
45,16,1.785795918,8.154822335,1
46,16,1.785795918,8.154822335,1
47,16,1.785795918,8.154822335,1
48,16,1.785795918,8.154822335,1
49,16,1.785795918,8.154822335,1
50,16,1.785795918,8.154822335,1
51,16,1.785795918,8.098984772,1
8,17,1.785795918,8.098984772,0
9,17,1.785795918,8.043147208,1
10,17,1.785795918,8.043147208,1
11,17,1.785795918,8.043147208,1
12,17,1.785795918,8.043147208,1
13,17,1.785795918,8.043147208,1
14,17,1.785795918,8.043147208,1
15,17,1.785795918,8.043147208,1
16,17,1.785795918,8.043147208,0
17,17,1.785795918,8.043147208,1
18,17,1.785795918,8.043147208,1
19,17,1.785795918,8.043147208,1
20,17,1.785795918,8.043147208,1
21,17,1.785795918,8.043147208,1
22,17,1.785795918,8.043147208,1
23,17,1.785795918,8.043147208,1
24,17,1.785795918,8.043147208,1
25,17,1.785795918,8.098984772,1
26,17,1.785795918,8.043147208,1
27,17,1.785795918,8.043147208,1
28,17,1.785795918,8.043147208,1
29,17,1.785795918,8.043147208,1
30,17,1.785795918,8.043147208,1
31,17,1.785795918,8.043147208,0
32,17,1.785795918,8.043147208,1
33,17,1.785795918,8.043147208,1
34,17,1.785795918,8.043147208,1
35,17,1.785795918,8.043147208,1
36,17,1.785795918,8.043147208,1
37,17,1.785795918,8.043147208,1
38,17,1.785795918,8.043147208,1
39,17,1.785795918,8.043147208,1
40,17,1.785795918,8.043147208,1
41,17,1.785795918,8.043147208,1
42,17,1.785795918,8.043147208,1
43,17,1.785795918,8.043147208,1
44,17,1.785795918,8.043147208,1
45,17,1.785795918,8.043147208,1
46,17,1.785795918,8.043147208,1
47,17,1.785795918,8.043147208,1
48,17,1.785795918,8.043147208,0
49,17,1.785795918,8.043147208,0
50,17,1.785795918,8.043147208,1
51,17,1.785795918,7.987309645,1
52,17,1.785795918,8.210659898,0
8,18,1.860204082,8.154822335,0
9,18,1.785795918,8.154822335,1
10,18,1.785795918,8.098984772,1
11,18,1.785795918,8.098984772,1
12,18,1.785795918,8.098984772,1
13,18,1.785795918,8.098984772,1
14,18,1.785795918,8.098984772,1
15,18,1.785795918,8.098984772,1
16,18,1.785795918,8.098984772,1
17,18,1.785795918,8.098984772,1
18,18,1.785795918,8.098984772,1
19,18,1.785795918,8.098984772,1
20,18,1.785795918,8.098984772,1
21,18,1.785795918,8.098984772,1
22,18,1.785795918,8.098984772,1
23,18,1.785795918,8.098984772,1
24,18,1.785795918,8.098984772,1
25,18,1.785795918,8.098984772,1
26,18,1.785795918,8.098984772,1
27,18,1.785795918,8.098984772,1
28,18,1.785795918,8.098984772,1
29,18,1.785795918,8.098984772,1
30,18,1.785795918,8.098984772,1
31,18,1.785795918,8.098984772,1
32,18,1.785795918,8.098984772,1
33,18,1.785795918,8.098984772,1
34,18,1.785795918,8.098984772,1
35,18,1.785795918,8.098984772,1
36,18,1.785795918,8.098984772,1
37,18,1.785795918,8.098984772,1
38,18,1.785795918,8.098984772,1
39,18,1.785795918,8.098984772,1
40,18,1.785795918,8.098984772,1
41,18,1.785795918,8.098984772,1
42,18,1.785795918,8.098984772,1
43,18,1.785795918,8.098984772,1
44,18,1.785795918,8.098984772,1
45,18,1.785795918,8.098984772,1
46,18,1.785795918,8.098984772,1
47,18,1.785795918,8.098984772,1
48,18,1.785795918,8.098984772,0
49,18,1.785795918,8.098984772,1
50,18,1.785795918,8.098984772,1
51,18,1.785795918,8.098984772,1
52,18,1.785795918,8.154822335,1
9,19,1.785795918,8.154822335,1
10,19,1.785795918,8.154822335,1
11,19,1.785795918,8.154822335,1
12,19,1.785795918,8.154822335,1
13,19,1.785795918,8.154822335,1
14,19,1.785795918,8.154822335,1
15,19,1.785795918,8.154822335,1
16,19,1.785795918,8.154822335,1
17,19,1.785795918,8.154822335,1
18,19,1.785795918,8.154822335,1
19,19,1.785795918,8.154822335,1
20,19,1.785795918,8.154822335,1
21,19,1.785795918,8.154822335,1
22,19,1.785795918,8.154822335,1
23,19,1.785795918,8.154822335,1
24,19,1.785795918,8.154822335,1
25,19,1.785795918,8.154822335,1
26,19,1.785795918,8.154822335,1
27,19,1.785795918,8.154822335,1
28,19,1.785795918,8.154822335,1
29,19,1.785795918,8.154822335,1
30,19,1.785795918,8.154822335,1
31,19,1.785795918,8.154822335,1
32,19,1.785795918,8.154822335,1
33,19,1.785795918,8.154822335,1
34,19,1.785795918,8.154822335,1
35,19,1.785795918,8.154822335,1
36,19,1.785795918,8.154822335,1
37,19,1.785795918,8.154822335,1
38,19,1.785795918,8.154822335,0
39,19,1.785795918,8.154822335,0
40,19,1.785795918,8.154822335,1
41,19,1.785795918,8.154822335,1
42,19,1.785795918,8.154822335,1
43,19,1.785795918,8.154822335,1
44,19,1.785795918,8.154822335,1
45,19,1.785795918,8.154822335,1
46,19,1.785795918,8.154822335,1
47,19,1.785795918,8.154822335,1
48,19,1.785795918,8.154822335,1
49,19,1.785795918,8.154822335,1
50,19,1.785795918,8.154822335,0
51,19,1.785795918,8.154822335,1
52,19,1.785795918,8.154822335,1
9,20,1.711387755,8.154822335,1
10,20,1.785795918,8.210659898,1
11,20,1.785795918,8.210659898,1
12,20,1.785795918,8.210659898,1
13,20,1.785795918,8.210659898,1
14,20,1.785795918,8.210659898,1
15,20,1.785795918,8.210659898,1
16,20,1.785795918,8.210659898,1
17,20,1.785795918,8.210659898,1
18,20,1.785795918,8.210659898,1
19,20,1.785795918,8.210659898,1
20,20,1.785795918,8.210659898,1
21,20,1.785795918,8.210659898,1
22,20,1.785795918,8.210659898,1
23,20,1.785795918,8.210659898,1
24,20,1.785795918,8.210659898,1
25,20,1.785795918,8.210659898,1
26,20,1.785795918,8.210659898,1
27,20,1.785795918,8.210659898,1
28,20,1.785795918,8.210659898,1
29,20,1.785795918,8.210659898,1
30,20,1.785795918,8.210659898,1
31,20,1.785795918,8.210659898,1
32,20,1.785795918,8.210659898,1
33,20,1.785795918,8.210659898,1
34,20,1.785795918,8.210659898,1
35,20,1.785795918,8.210659898,1
36,20,1.785795918,8.210659898,1
37,20,1.785795918,8.210659898,1
38,20,1.785795918,8.210659898,0
39,20,1.785795918,8.210659898,0
40,20,1.785795918,8.210659898,0
41,20,1.785795918,8.210659898,1
42,20,1.785795918,8.210659898,1
43,20,1.785795918,8.210659898,1
44,20,1.785795918,8.210659898,1
45,20,1.785795918,8.210659898,1
46,20,1.785795918,8.210659898,1
47,20,1.785795918,8.210659898,1
48,20,1.785795918,8.210659898,1
49,20,1.785795918,8.210659898,1
50,20,1.785795918,8.210659898,1
51,20,1.785795918,8.210659898,1
52,20,1.785795918,8.154822335,1
9,21,1.711387755,8.154822335,1
10,21,1.785795918,8.098984772,1
11,21,1.785795918,8.098984772,1
12,21,1.785795918,8.098984772,1
13,21,1.785795918,8.098984772,1
14,21,1.785795918,8.098984772,1
15,21,1.785795918,8.098984772,1
16,21,1.785795918,8.098984772,1
17,21,1.785795918,8.098984772,1
18,21,1.785795918,8.098984772,1
19,21,1.785795918,8.098984772,1
20,21,1.785795918,8.098984772,1
21,21,1.785795918,8.098984772,1
22,21,1.785795918,8.098984772,1
23,21,1.785795918,8.098984772,1
24,21,1.785795918,8.098984772,1
25,21,1.785795918,8.098984772,1
26,21,1.785795918,8.098984772,1
27,21,1.785795918,8.098984772,1
28,21,1.785795918,8.098984772,1
29,21,1.785795918,8.098984772,1
30,21,1.785795918,8.098984772,1
31,21,1.785795918,8.098984772,1
32,21,1.785795918,8.098984772,1
33,21,1.785795918,8.098984772,1
34,21,1.785795918,8.098984772,1
35,21,1.785795918,8.098984772,1
36,21,1.785795918,8.098984772,0
37,21,1.785795918,8.098984772,1
38,21,1.785795918,8.098984772,0
39,21,1.785795918,8.098984772,1
40,21,1.785795918,8.098984772,1
41,21,1.785795918,8.098984772,1
42,21,1.785795918,8.098984772,1
43,21,1.785795918,8.098984772,1
44,21,1.785795918,8.098984772,1
45,21,1.785795918,8.098984772,1
46,21,1.785795918,8.098984772,1
47,21,1.785795918,8.098984772,1
48,21,1.785795918,8.098984772,1
49,21,1.785795918,8.098984772,1
50,21,1.785795918,8.098984772,1
51,21,1.785795918,8.098984772,1
52,21,1.785795918,8.098984772,0
8,22,1.785795918,8.098984772,1
9,22,1.785795918,8.098984772,1
10,22,1.785795918,8.098984772,1
11,22,1.785795918,8.098984772,1
12,22,1.785795918,8.098984772,1
13,22,1.785795918,8.098984772,1
14,22,1.785795918,8.098984772,1
15,22,1.785795918,8.098984772,1
16,22,1.785795918,8.098984772,1
17,22,1.785795918,8.098984772,1
18,22,1.785795918,8.098984772,1
19,22,1.785795918,8.098984772,1
20,22,1.785795918,8.098984772,1
21,22,1.785795918,8.098984772,1
22,22,1.785795918,8.098984772,1
23,22,1.785795918,8.098984772,1
24,22,1.785795918,8.098984772,1
25,22,1.785795918,8.098984772,1
26,22,1.785795918,8.098984772,1
27,22,1.785795918,8.098984772,1
28,22,1.785795918,8.098984772,1
29,22,1.785795918,8.098984772,1
30,22,1.785795918,8.098984772,1
31,22,1.785795918,8.098984772,1
32,22,1.785795918,8.098984772,1
33,22,1.785795918,8.098984772,1
34,22,1.785795918,8.098984772,1
35,22,1.785795918,8.098984772,1
36,22,1.785795918,8.098984772,1
37,22,1.785795918,8.098984772,1
38,22,1.785795918,8.098984772,1
39,22,1.785795918,8.098984772,0
40,22,1.785795918,8.098984772,1
41,22,1.785795918,8.098984772,1
42,22,1.785795918,8.098984772,1
43,22,1.785795918,8.098984772,1
44,22,1.785795918,8.098984772,1
45,22,1.785795918,8.098984772,1
46,22,1.785795918,8.098984772,1
47,22,1.785795918,8.098984772,1
48,22,1.785795918,8.098984772,1
49,22,1.785795918,8.098984772,1
50,22,1.785795918,8.098984772,1
51,22,1.785795918,8.098984772,1
8,23,1.785795918,8.545685279,1
9,23,1.785795918,8.154822335,1
10,23,1.785795918,8.154822335,1
11,23,1.785795918,8.098984772,1
12,23,1.785795918,8.154822335,1
13,23,1.785795918,8.210659898,1
14,23,1.785795918,8.210659898,1
15,23,1.785795918,8.210659898,1
16,23,1.785795918,8.210659898,1
17,23,1.785795918,8.210659898,1
18,23,1.785795918,8.210659898,1
19,23,1.785795918,8.210659898,1
20,23,1.785795918,8.210659898,1
21,23,1.785795918,8.210659898,1
22,23,1.785795918,8.210659898,1
23,23,1.785795918,8.210659898,1
24,23,1.785795918,8.210659898,1
25,23,1.785795918,8.210659898,1
26,23,1.785795918,8.210659898,1
27,23,1.785795918,8.210659898,1
28,23,1.785795918,8.210659898,1
29,23,1.785795918,8.210659898,1
30,23,1.785795918,8.210659898,1
31,23,1.785795918,8.210659898,1
32,23,1.785795918,8.210659898,1
33,23,1.785795918,8.210659898,1
34,23,1.785795918,8.210659898,1
35,23,1.785795918,8.210659898,1
36,23,1.785795918,8.210659898,1
37,23,1.785795918,8.210659898,0
38,23,1.785795918,8.210659898,1
39,23,1.785795918,8.210659898,1
40,23,1.785795918,8.210659898,0
41,23,1.785795918,8.210659898,1
42,23,1.785795918,8.210659898,1
43,23,1.785795918,8.210659898,1
44,23,1.785795918,8.210659898,1
45,23,1.785795918,8.210659898,1
46,23,1.785795918,8.210659898,1
47,23,1.785795918,8.210659898,1
48,23,1.785795918,8.210659898,1
49,23,1.785795918,8.210659898,1
50,23,1.785795918,8.210659898,1
51,23,1.785795918,8.154822335,0
8,24,1.785795918,8.601522843,1
9,24,1.785795918,8.601522843,1
10,24,1.785795918,8.601522843,1
11,24,1.785795918,8.154822335,1
12,24,1.785795918,8.601522843,1
13,24,1.785795918,8.154822335,1
14,24,1.785795918,8.154822335,1
15,24,1.785795918,8.154822335,1
16,24,1.785795918,8.154822335,1
17,24,1.785795918,8.154822335,1
18,24,1.785795918,8.154822335,1
19,24,1.785795918,8.154822335,1
20,24,1.785795918,8.154822335,1
21,24,1.785795918,8.154822335,1
22,24,1.785795918,8.154822335,1
23,24,1.785795918,8.154822335,1
24,24,1.785795918,8.154822335,1
25,24,1.785795918,8.154822335,1
26,24,1.785795918,8.154822335,1
27,24,1.785795918,8.154822335,1
28,24,1.785795918,8.154822335,1
29,24,1.785795918,8.154822335,1
30,24,1.785795918,8.154822335,1
31,24,1.785795918,8.154822335,1
32,24,1.785795918,8.154822335,1
33,24,1.785795918,8.154822335,1
34,24,1.785795918,8.154822335,1
35,24,1.785795918,8.154822335,1
36,24,1.785795918,8.154822335,1
37,24,1.785795918,8.154822335,1
38,24,1.785795918,8.154822335,1
39,24,1.785795918,8.154822335,1
40,24,1.785795918,8.154822335,1
41,24,1.785795918,8.154822335,1
42,24,1.785795918,8.154822335,1
43,24,1.785795918,8.154822335,1
44,24,1.785795918,8.154822335,1
45,24,1.785795918,8.154822335,1
46,24,1.785795918,8.154822335,1
47,24,1.785795918,8.154822335,1
48,24,1.785795918,8.154822335,1
49,24,1.785795918,8.154822335,1
50,24,1.785795918,8.154822335,1
51,24,1.785795918,8.210659898,1
52,24,1.860204082,8.154822335,0
6,25,1.488163265,8.657360406,1
7,25,1.785795918,8.601522843,1
8,25,1.785795918,8.601522843,1
9,25,1.785795918,8.601522843,1
10,25,1.785795918,8.601522843,1
11,25,1.785795918,8.601522843,1
12,25,1.785795918,8.601522843,1
13,25,1.785795918,8.545685279,1
14,25,1.785795918,8.098984772,1
15,25,1.785795918,8.098984772,1
16,25,1.785795918,8.098984772,1
17,25,1.785795918,8.098984772,1
18,25,1.785795918,8.098984772,1
19,25,1.785795918,8.098984772,1
20,25,1.785795918,8.098984772,1
21,25,1.785795918,8.098984772,1
22,25,1.785795918,8.098984772,1
23,25,1.785795918,8.098984772,1
24,25,1.785795918,8.098984772,1
25,25,1.785795918,8.098984772,1
26,25,1.785795918,8.098984772,1
27,25,1.785795918,8.098984772,1
28,25,1.785795918,8.098984772,1
29,25,1.785795918,8.098984772,1
30,25,1.785795918,8.098984772,1
31,25,1.785795918,8.098984772,1
32,25,1.785795918,8.098984772,1
33,25,1.785795918,8.098984772,1
34,25,1.785795918,8.098984772,0
35,25,1.785795918,8.098984772,0
36,25,1.785795918,8.098984772,1
37,25,1.785795918,8.098984772,1
38,25,1.785795918,8.098984772,1
39,25,1.785795918,8.098984772,1
40,25,1.785795918,8.098984772,1
41,25,1.785795918,8.098984772,1
42,25,1.785795918,8.098984772,1
43,25,1.785795918,8.098984772,1
44,25,1.785795918,8.098984772,1
45,25,1.785795918,8.098984772,1
46,25,1.785795918,8.098984772,1
47,25,1.785795918,8.098984772,1
48,25,1.785795918,8.098984772,1
49,25,1.785795918,8.098984772,1
50,25,1.785795918,8.098984772,1
51,25,1.785795918,8.098984772,1
52,25,1.785795918,7.987309645,0
53,25,1.711387755,8.210659898,1
6,26,1.785795918,8.601522843,1
7,26,1.785795918,8.601522843,1
8,26,1.785795918,8.601522843,1
9,26,1.785795918,8.601522843,1
10,26,1.785795918,8.601522843,1
11,26,1.785795918,8.601522843,1
12,26,1.785795918,8.154822335,1
13,26,1.785795918,8.154822335,1
14,26,1.785795918,8.098984772,1
15,26,1.785795918,8.098984772,1
16,26,1.785795918,8.154822335,1
17,26,1.785795918,8.154822335,1
18,26,1.785795918,8.154822335,1
19,26,1.785795918,8.154822335,1
20,26,1.785795918,8.601522843,1
21,26,1.785795918,8.154822335,1
22,26,1.785795918,8.154822335,1
23,26,1.785795918,8.154822335,1
24,26,1.785795918,8.154822335,1
25,26,1.785795918,8.154822335,1
26,26,1.785795918,8.154822335,1
27,26,1.785795918,8.154822335,1
28,26,1.785795918,8.154822335,1
29,26,1.785795918,8.154822335,1
30,26,1.785795918,8.154822335,1
31,26,1.785795918,8.154822335,1
32,26,1.785795918,8.154822335,1
33,26,1.785795918,8.154822335,1
34,26,1.785795918,8.154822335,1
35,26,1.785795918,8.154822335,1
36,26,1.785795918,8.154822335,1
37,26,1.785795918,8.154822335,1
38,26,1.785795918,8.154822335,1
39,26,1.785795918,8.154822335,1
40,26,1.785795918,8.154822335,1
41,26,1.785795918,8.154822335,1
42,26,1.785795918,8.154822335,1
43,26,1.785795918,8.154822335,1
44,26,1.785795918,8.657360406,1
45,26,1.785795918,8.601522843,1
46,26,1.785795918,8.601522843,1
47,26,1.785795918,8.657360406,0
48,26,1.785795918,8.154822335,1
49,26,1.785795918,8.154822335,1
50,26,1.785795918,8.154822335,1
51,26,1.785795918,8.154822335,0
52,26,1.785795918,8.154822335,1
53,26,1.785795918,8.154822335,0
6,27,1.711387755,8.657360406,1
7,27,1.711387755,8.657360406,1
8,27,1.785795918,8.545685279,1
9,27,1.785795918,8.601522843,1
10,27,1.785795918,8.601522843,1
11,27,1.785795918,8.601522843,1
12,27,1.785795918,8.601522843,1
13,27,1.785795918,8.154822335,1
14,27,1.785795918,8.154822335,1
15,27,1.785795918,8.601522843,1
16,27,1.785795918,8.210659898,1
17,27,1.785795918,8.098984772,1
18,27,1.785795918,8.154822335,1
19,27,1.785795918,8.601522843,0
20,27,1.785795918,8.601522843,1
21,27,1.785795918,8.601522843,1
22,27,1.785795918,8.154822335,1
23,27,1.785795918,8.154822335,1
24,27,1.785795918,8.154822335,1
25,27,1.785795918,8.154822335,1
26,27,1.785795918,8.154822335,1
27,27,1.785795918,8.154822335,1
28,27,1.785795918,8.154822335,1
29,27,1.785795918,8.657360406,1
30,27,1.785795918,8.657360406,1
31,27,1.785795918,8.210659898,1
32,27,1.785795918,8.154822335,1
33,27,1.785795918,8.154822335,1
34,27,1.785795918,8.154822335,1
35,27,1.785795918,8.154822335,1
36,27,1.785795918,8.154822335,1
37,27,1.785795918,8.154822335,1
38,27,1.785795918,8.154822335,1
39,27,1.785795918,8.154822335,1
40,27,1.785795918,8.154822335,1
41,27,1.785795918,8.154822335,1
42,27,1.785795918,8.154822335,1
43,27,1.785795918,8.154822335,1
44,27,1.785795918,8.154822335,1
45,27,1.785795918,8.601522843,1
46,27,1.785795918,8.657360406,0
47,27,1.785795918,8.601522843,1
48,27,1.785795918,8.154822335,1
49,27,1.785795918,8.154822335,1
50,27,1.785795918,8.154822335,1
51,27,1.785795918,8.154822335,0
52,27,1.785795918,8.154822335,0
53,27,1.785795918,8.154822335,0
8,28,1.785795918,8.601522843,1
9,28,1.785795918,8.601522843,1
10,28,1.785795918,8.601522843,1
11,28,1.785795918,8.601522843,1
12,28,1.785795918,8.545685279,1
13,28,1.785795918,8.601522843,1
14,28,1.785795918,8.210659898,1
15,28,1.785795918,8.601522843,1
16,28,1.785795918,8.601522843,1
17,28,1.785795918,8.098984772,1
18,28,1.785795918,8.601522843,1
19,28,1.785795918,8.601522843,1
20,28,1.711387755,8.601522843,1
21,28,1.785795918,8.601522843,1
22,28,1.785795918,8.098984772,1
23,28,1.785795918,8.098984772,0
24,28,1.785795918,8.098984772,0
25,28,1.785795918,8.098984772,1
26,28,1.785795918,8.098984772,1
27,28,1.785795918,8.098984772,1
28,28,1.785795918,8.098984772,1
29,28,1.785795918,8.043147208,1
30,28,1.785795918,8.154822335,1
31,28,1.711387755,8.098984772,1
32,28,1.785795918,8.098984772,0
33,28,1.785795918,8.098984772,1
34,28,1.785795918,8.098984772,1
35,28,1.785795918,8.098984772,1
36,28,1.785795918,8.098984772,1
37,28,1.785795918,8.098984772,0
38,28,1.785795918,8.098984772,1
39,28,1.785795918,8.098984772,1
40,28,1.785795918,8.098984772,1
41,28,1.785795918,8.098984772,1
42,28,1.785795918,8.098984772,1
43,28,1.785795918,8.098984772,1
44,28,1.785795918,8.098984772,1
45,28,1.785795918,8.601522843,1
46,28,1.785795918,8.043147208,1
47,28,1.785795918,8.154822335,1
48,28,1.785795918,8.098984772,1
49,28,1.785795918,8.098984772,1
50,28,1.785795918,8.098984772,1
51,28,1.785795918,8.098984772,1
52,28,1.785795918,8.098984772,1
53,28,1.711387755,8.098984772,1
7,29,1.785795918,8.545685279,0
8,29,1.785795918,8.545685279,1
9,29,1.785795918,8.601522843,1
10,29,1.785795918,8.601522843,1
11,29,1.785795918,8.601522843,1
12,29,1.785795918,8.601522843,1
13,29,1.785795918,8.657360406,1
14,29,1.785795918,8.601522843,0
15,29,1.785795918,8.154822335,1
16,29,1.785795918,8.098984772,1
17,29,1.785795918,8.098984772,1
18,29,1.785795918,8.601522843,1
19,29,1.785795918,8.601522843,1
20,29,1.785795918,8.043147208,0
21,29,3.571591837,8.098984772,0
22,29,3.571591837,8.098984772,0
23,29,3.571591837,8.098984772,0
24,29,1.785795918,8.098984772,0
25,29,1.785795918,8.098984772,0
26,29,1.785795918,8.098984772,0
27,29,1.785795918,8.098984772,1
28,29,1.785795918,8.098984772,0
29,29,1.785795918,8.098984772,1
30,29,3.497183673,8.098984772,1
31,29,1.785795918,8.098984772,1
32,29,3.571591837,8.098984772,1
33,29,3.571591837,8.098984772,0
34,29,1.785795918,8.098984772,0
35,29,1.785795918,8.098984772,1
36,29,1.785795918,8.098984772,1
37,29,1.785795918,8.098984772,1
38,29,1.785795918,8.098984772,1
39,29,1.785795918,8.098984772,1
40,29,1.785795918,8.098984772,1
41,29,1.785795918,8.098984772,1
42,29,1.785795918,8.098984772,1
43,29,1.785795918,8.098984772,1
44,29,1.785795918,8.098984772,1
45,29,1.785795918,8.601522843,1
46,29,1.785795918,8.601522843,1
47,29,1.785795918,8.098984772,1
48,29,1.785795918,8.098984772,1
49,29,1.785795918,8.098984772,1
50,29,1.785795918,8.098984772,1
51,29,1.785795918,8.098984772,1
52,29,1.785795918,8.098984772,1
53,29,1.785795918,8.098984772,1
54,29,1.860204082,8.266497462,1
6,30,1.785795918,8.545685279,1
7,30,1.785795918,8.657360406,1
8,30,1.785795918,8.601522843,1
9,30,1.785795918,8.601522843,1
10,30,1.785795918,8.601522843,1
11,30,1.785795918,8.601522843,1
12,30,1.785795918,8.601522843,1
13,30,1.785795918,8.657360406,1
14,30,3.571591837,8.154822335,1
15,30,3.497183673,8.154822335,1
16,30,1.785795918,8.154822335,1
17,30,1.785795918,8.601522843,1
18,30,3.497183673,8.601522843,1
19,30,3.571591837,8.098984772,1
20,30,3.571591837,8.154822335,0
21,30,1.785795918,8.154822335,1
22,30,3.720408163,8.154822335,1
23,30,3.571591837,8.154822335,1
24,30,1.785795918,8.154822335,0
25,30,3.571591837,8.154822335,1
26,30,1.860204082,8.154822335,0
27,30,1.785795918,8.154822335,0
28,30,1.785795918,8.154822335,0
29,30,1.785795918,8.154822335,0
30,30,3.571591837,8.154822335,0
31,30,3.571591837,8.154822335,0
32,30,3.571591837,8.154822335,0
33,30,3.571591837,8.154822335,1
34,30,1.785795918,8.154822335,0
35,30,1.785795918,8.154822335,0
36,30,1.785795918,8.154822335,1
37,30,1.785795918,8.154822335,0
38,30,1.785795918,8.154822335,0
39,30,1.785795918,8.154822335,0
40,30,3.571591837,8.154822335,1
41,30,1.785795918,8.154822335,1
42,30,1.785795918,8.154822335,1
43,30,1.785795918,8.154822335,1
44,30,1.785795918,8.154822335,1
45,30,1.785795918,8.154822335,1
46,30,1.785795918,8.154822335,1
47,30,1.785795918,8.154822335,1
48,30,1.785795918,8.154822335,1
49,30,1.785795918,8.154822335,1
50,30,1.785795918,8.154822335,1
51,30,1.785795918,8.154822335,1
52,30,1.785795918,8.154822335,1
53,30,1.785795918,8.154822335,1
54,30,1.785795918,8.098984772,0
6,31,1.562571429,8.71319797,1
7,31,1.785795918,8.601522843,1
8,31,1.785795918,8.601522843,1
9,31,1.785795918,8.601522843,0
10,31,1.785795918,8.601522843,0
11,31,1.785795918,8.601522843,1
12,31,1.785795918,8.601522843,1
13,31,1.785795918,8.601522843,1
14,31,1.785795918,8.601522843,1
15,31,1.860204082,8.601522843,1
16,31,3.571591837,8.210659898,1
17,31,1.934612245,8.601522843,1
18,31,1.711387755,8.601522843,1
19,31,3.571591837,8.210659898,1
20,31,3.571591837,8.154822335,0
21,31,3.571591837,8.154822335,1
22,31,1.711387755,8.154822335,0
23,31,3.571591837,8.154822335,0
24,31,3.571591837,8.154822335,0
25,31,3.571591837,8.154822335,0
26,31,3.571591837,8.154822335,0
27,31,3.571591837,8.154822335,0
28,31,3.646,8.154822335,0
29,31,1.785795918,8.154822335,0
30,31,3.571591837,8.154822335,1
31,31,1.785795918,8.154822335,0
32,31,1.785795918,8.154822335,0
33,31,3.571591837,8.154822335,0
34,31,1.860204082,8.154822335,1
35,31,1.785795918,8.098984772,0
36,31,1.785795918,8.657360406,1
37,31,1.785795918,8.154822335,1
38,31,1.785795918,8.154822335,1
39,31,1.785795918,8.210659898,1
40,31,3.571591837,8.154822335,1
41,31,3.571591837,8.154822335,1
42,31,1.785795918,8.154822335,1
43,31,1.785795918,8.154822335,1
44,31,1.785795918,8.154822335,1
45,31,1.785795918,8.154822335,1
46,31,1.785795918,8.154822335,1
47,31,1.785795918,8.154822335,1
48,31,1.785795918,8.154822335,1
49,31,1.785795918,8.154822335,1
50,31,1.785795918,8.154822335,1
51,31,1.785795918,8.154822335,1
52,31,1.785795918,8.154822335,1
53,31,1.785795918,8.154822335,1
54,31,1.785795918,8.098984772,1
2,32,1.785795918,8.769035533,0
3,32,1.711387755,0.281725888,0
5,32,1.785795918,8.601522843,1
6,32,1.785795918,8.601522843,1
7,32,1.785795918,8.601522843,1
8,32,1.785795918,8.601522843,1
9,32,1.785795918,8.601522843,1
10,32,1.785795918,8.601522843,0
11,32,1.785795918,8.601522843,1
12,32,1.785795918,8.601522843,1
13,32,1.785795918,8.601522843,1
14,32,1.785795918,8.601522843,1
15,32,1.785795918,8.601522843,1
16,32,1.860204082,8.601522843,1
17,32,3.646,8.043147208,1
18,32,3.571591837,8.098984772,1
19,32,3.571591837,8.098984772,0
20,32,3.571591837,8.098984772,0
21,32,3.571591837,8.098984772,0
22,32,3.571591837,8.098984772,0
23,32,3.571591837,8.098984772,0
24,32,3.571591837,8.098984772,1
25,32,3.571591837,8.098984772,0
26,32,3.571591837,8.098984772,0
27,32,5.282979592,8.098984772,0
28,32,3.571591837,8.043147208,0
29,32,3.497183673,8.043147208,0
30,32,3.571591837,8.098984772,0
31,32,3.646,8.098984772,0
32,32,3.42277551,8.098984772,0
33,32,1.785795918,8.098984772,0
34,32,1.711387755,8.098984772,1
35,32,1.785795918,8.098984772,0
36,32,1.785795918,8.657360406,0
37,32,1.785795918,8.601522843,1
38,32,1.785795918,8.601522843,1
39,32,1.785795918,8.657360406,1
40,32,1.711387755,8.154822335,1
41,32,3.571591837,8.098984772,1
42,32,1.785795918,8.098984772,1
43,32,1.785795918,8.098984772,1
44,32,1.785795918,8.098984772,1
45,32,1.785795918,8.098984772,1
46,32,1.785795918,8.098984772,1
47,32,1.785795918,8.098984772,1
48,32,1.785795918,8.098984772,1
49,32,1.785795918,8.098984772,1
50,32,1.785795918,8.098984772,1
51,32,1.785795918,8.098984772,1
52,32,1.785795918,8.098984772,1
53,32,1.785795918,8.098984772,1
54,32,1.785795918,8.043147208,0
1,33,1.785795918,8.601522843,1
2,33,1.860204082,8.601522843,1
3,33,1.785795918,8.601522843,1
4,33,1.785795918,8.71319797,1
5,33,1.785795918,8.601522843,1
6,33,1.785795918,8.601522843,1
7,33,1.785795918,8.601522843,1
8,33,1.785795918,8.601522843,1
9,33,1.785795918,8.601522843,1
10,33,1.785795918,8.601522843,1
11,33,1.785795918,8.601522843,1
12,33,1.785795918,8.601522843,1
13,33,1.785795918,8.601522843,0
14,33,1.785795918,8.601522843,1
15,33,1.785795918,8.601522843,1
16,33,1.785795918,8.601522843,1
17,33,1.785795918,8.601522843,1
18,33,3.571591837,8.098984772,1
19,33,5.282979592,8.098984772,1
20,33,3.571591837,8.043147208,0
21,33,3.571591837,8.043147208,1
22,33,3.571591837,8.154822335,0
23,33,5.282979592,8.043147208,0
24,33,3.571591837,8.098984772,0
25,33,3.571591837,8.043147208,0
26,33,3.571591837,8.098984772,0
27,33,6.547918367,7.484771574,1
28,33,6.771142857,6.256345178,0
29,33,8.259306122,6.256345178,0
30,33,5.134163265,7.484771574,0
31,33,3.646,8.154822335,1
32,33,3.571591837,8.098984772,1
33,33,3.571591837,8.043147208,0
34,33,3.571591837,8.154822335,0
35,33,1.860204082,8.489847716,1
36,33,1.785795918,8.601522843,0
37,33,1.785795918,8.601522843,1
38,33,1.785795918,8.601522843,1
39,33,1.785795918,8.657360406,1
40,33,1.785795918,8.545685279,1
41,33,1.860204082,8.601522843,1
42,33,1.785795918,8.043147208,1
43,33,1.785795918,8.043147208,1
44,33,1.785795918,8.043147208,1
45,33,1.785795918,8.043147208,1
46,33,1.785795918,8.043147208,1
47,33,1.785795918,8.043147208,1
48,33,1.785795918,8.043147208,1
49,33,1.785795918,8.043147208,1
50,33,1.785795918,8.601522843,1
51,33,1.785795918,8.043147208,1
52,33,1.785795918,8.098984772,1
53,33,1.636979592,8.098984772,1
1,34,1.860204082,8.601522843,0
2,34,1.785795918,8.601522843,1
3,34,1.785795918,8.601522843,1
4,34,1.785795918,8.657360406,1
5,34,1.785795918,8.601522843,1
6,34,1.785795918,8.601522843,1
7,34,1.785795918,8.601522843,1
8,34,1.785795918,8.601522843,1
9,34,1.785795918,8.601522843,1
10,34,1.785795918,8.601522843,1
11,34,1.785795918,8.601522843,0
12,34,1.785795918,8.601522843,0
13,34,1.785795918,8.601522843,0
14,34,1.785795918,8.601522843,1
15,34,1.785795918,8.601522843,1
16,34,1.934612245,8.601522843,1
17,34,1.860204082,8.601522843,1
18,34,1.785795918,8.601522843,1
19,34,5.134163265,8.154822335,1
20,34,3.571591837,8.154822335,1
21,34,3.571591837,8.154822335,0
22,34,3.571591837,7.987309645,0
23,34,6.771142857,7.540609137,0
24,34,5.282979592,8.098984772,0
25,34,3.571591837,8.154822335,0
26,34,3.571591837,8.154822335,0
27,34,5.134163265,7.484771574,0
28,34,8.184897959,6.256345178,0
29,34,9.673061224,5.474619289,0
30,34,8.184897959,6.256345178,0
31,34,6.84555102,7.540609137,0
32,34,5.208571429,8.154822335,0
33,34,3.720408163,8.154822335,0
34,34,3.571591837,8.154822335,0
35,34,3.571591837,8.098984772,0
36,34,1.711387755,8.545685279,0
37,34,1.785795918,8.601522843,0
38,34,1.785795918,8.601522843,1
39,34,1.785795918,8.601522843,1
40,34,1.785795918,8.601522843,1
41,34,1.785795918,8.601522843,1
42,34,1.785795918,8.657360406,1
43,34,1.785795918,8.154822335,1
44,34,1.785795918,8.154822335,1
45,34,1.785795918,8.154822335,1
46,34,1.785795918,8.154822335,1
47,34,1.785795918,8.154822335,1
48,34,1.785795918,8.154822335,1
49,34,1.785795918,8.154822335,1
50,34,1.785795918,8.154822335,1
51,34,1.785795918,8.154822335,1
52,34,1.785795918,8.154822335,1
53,34,1.785795918,8.154822335,1
54,34,1.785795918,8.545685279,0
2,35,1.785795918,8.71319797,1
3,35,1.785795918,8.601522843,1
4,35,1.785795918,8.601522843,1
5,35,1.785795918,9.271573604,1
6,35,1.785795918,9.271573604,1
7,35,1.785795918,9.271573604,1
8,35,1.785795918,8.657360406,1
9,35,1.785795918,8.601522843,1
10,35,1.785795918,8.601522843,0
11,35,1.785795918,8.601522843,1
12,35,1.785795918,8.601522843,0
13,35,1.785795918,8.601522843,0
14,35,1.785795918,8.601522843,0
15,35,1.785795918,8.601522843,1
16,35,1.711387755,8.601522843,1
17,35,3.571591837,8.154822335,1
18,35,3.571591837,8.154822335,0
19,35,5.208571429,8.154822335,1
20,35,3.571591837,8.154822335,0
21,35,3.571591837,8.154822335,0
22,35,3.571591837,8.098984772,0
23,35,3.646,8.098984772,0
24,35,5.134163265,8.154822335,0
25,35,3.571591837,8.154822335,0
26,35,3.571591837,8.154822335,0
27,35,3.646,8.098984772,0
28,35,5.282979592,7.484771574,0
29,35,6.696734694,6.926395939,0
30,35,6.771142857,6.926395939,0
31,35,6.696734694,6.926395939,0
32,35,6.771142857,7.484771574,0
33,35,5.134163265,8.154822335,0
34,35,3.646,8.154822335,0
35,35,3.571591837,8.098984772,0
36,35,1.711387755,8.210659898,0
37,35,1.785795918,8.545685279,0
38,35,1.785795918,8.601522843,1
39,35,1.785795918,8.601522843,1
40,35,1.785795918,8.601522843,1
41,35,3.571591837,8.601522843,1
42,35,1.785795918,8.154822335,1
43,35,1.785795918,8.154822335,1
44,35,1.785795918,8.154822335,1
45,35,1.785795918,8.154822335,1
46,35,1.785795918,8.154822335,1
47,35,1.785795918,8.154822335,1
48,35,1.785795918,8.154822335,1
49,35,1.785795918,8.154822335,1
50,35,1.785795918,8.154822335,1
51,35,1.785795918,8.154822335,1
52,35,1.785795918,8.154822335,1
53,35,1.785795918,8.154822335,1
54,35,1.785795918,8.154822335,1
2,36,1.636979592,9.271573604,1
3,36,1.785795918,9.271573604,1
4,36,1.785795918,9.215736041,1
5,36,1.785795918,10.22081218,0
6,36,1.785795918,10.22081218,1
7,36,1.785795918,9.271573604,1
8,36,1.785795918,9.215736041,0
9,36,1.785795918,8.601522843,1
10,36,1.785795918,8.601522843,1
11,36,1.785795918,8.601522843,0
12,36,1.860204082,8.601522843,0
13,36,3.646,8.601522843,0
14,36,3.571591837,8.601522843,0
15,36,3.646,8.098984772,0
16,36,5.134163265,8.154822335,1
17,36,5.208571429,8.154822335,0
18,36,5.134163265,8.154822335,0
19,36,5.134163265,8.154822335,0
20,36,3.571591837,8.154822335,0
21,36,3.571591837,8.154822335,0
22,36,3.571591837,8.154822335,0
23,36,5.059755102,8.154822335,0
24,36,5.134163265,8.154822335,0
25,36,3.646,8.154822335,0
26,36,5.282979592,8.154822335,0
27,36,3.571591837,8.154822335,0
28,36,5.282979592,8.098984772,0
29,36,3.571591837,8.098984772,1
30,36,3.571591837,8.098984772,0
31,36,5.208571429,7.484771574,0
32,36,5.134163265,7.484771574,0
33,36,5.134163265,8.098984772,0
34,36,5.134163265,8.154822335,0
35,36,3.646,8.154822335,0
36,36,3.571591837,8.098984772,0
37,36,1.785795918,8.545685279,0
38,36,1.785795918,8.601522843,0
39,36,1.785795918,8.601522843,0
40,36,1.711387755,8.601522843,1
41,36,1.860204082,8.601522843,1
42,36,1.711387755,8.601522843,1
43,36,1.711387755,8.154822335,1
44,36,1.785795918,8.154822335,1
45,36,1.785795918,8.098984772,1
46,36,1.785795918,8.154822335,1
47,36,1.785795918,8.154822335,1
48,36,1.785795918,8.154822335,1
49,36,1.785795918,8.154822335,1
50,36,1.785795918,8.098984772,1
51,36,1.785795918,8.601522843,1
52,36,1.785795918,8.657360406,1
53,36,1.785795918,8.154822335,1
54,36,1.711387755,8.043147208,1
3,37,1.785795918,9.439086294,1
4,37,1.785795918,9.327411168,1
5,37,1.785795918,10.27664975,1
6,37,1.785795918,10.22081218,1
7,37,1.711387755,9.271573604,1
8,37,1.785795918,9.271573604,0
9,37,1.785795918,8.601522843,0
10,37,3.571591837,8.601522843,1
11,37,3.497183673,8.545685279,1
12,37,3.571591837,8.489847716,1
13,37,3.571591837,8.098984772,1
14,37,3.571591837,8.154822335,1
15,37,4.985346939,8.043147208,1
16,37,5.134163265,8.098984772,0
17,37,5.134163265,8.098984772,1
18,37,6.696734694,8.043147208,0
19,37,5.059755102,8.154822335,0
20,37,3.571591837,8.098984772,0
21,37,3.571591837,8.098984772,0
22,37,3.571591837,8.098984772,0
23,37,5.059755102,8.098984772,0
24,37,5.134163265,8.043147208,0
25,37,3.571591837,8.098984772,0
26,37,5.134163265,8.154822335,0
27,37,5.134163265,8.098984772,0
28,37,5.059755102,7.484771574,0
29,37,5.134163265,8.098984772,0
30,37,3.571591837,8.098984772,0
31,37,3.571591837,8.098984772,0
32,37,3.571591837,8.098984772,0
33,37,3.571591837,8.098984772,0
34,37,3.571591837,8.098984772,0
35,37,3.571591837,8.154822335,0
36,37,3.571591837,8.489847716,0
37,37,1.785795918,8.601522843,0
38,37,1.785795918,8.601522843,0
39,37,1.785795918,8.601522843,0
40,37,1.785795918,8.601522843,0
41,37,1.785795918,8.601522843,1
42,37,1.785795918,8.601522843,1
43,37,3.571591837,8.098984772,1
44,37,3.571591837,8.098984772,1
45,37,1.785795918,8.601522843,1
46,37,1.785795918,8.098984772,1
47,37,1.785795918,8.098984772,1
48,37,1.785795918,8.098984772,1
49,37,1.785795918,8.098984772,1
50,37,1.860204082,8.154822335,1
51,37,1.860204082,8.545685279,1
52,37,1.785795918,8.545685279,1
53,37,1.785795918,8.154822335,1
54,37,1.785795918,8.098984772,1
55,37,1.785795918,8.210659898,1
2,38,1.785795918,9.271573604,0
3,38,1.785795918,9.271573604,1
4,38,1.785795918,9.271573604,1
5,38,1.785795918,9.271573604,1
6,38,1.785795918,10.27664975,1
7,38,1.711387755,9.271573604,1
8,38,3.571591837,8.657360406,1
9,38,3.571591837,8.601522843,1
10,38,3.571591837,8.545685279,1
11,38,3.571591837,8.098984772,1
12,38,5.134163265,8.098984772,1
13,38,5.134163265,8.098984772,1
14,38,5.134163265,8.154822335,0
15,38,5.134163265,7.540609137,1
16,38,6.696734694,7.484771574,0
17,38,8.184897959,6.814720812,0
18,38,6.771142857,7.484771574,0
19,38,5.059755102,8.043147208,0
20,38,5.134163265,8.098984772,0
21,38,5.134163265,8.098984772,0
22,38,5.134163265,8.098984772,0
23,38,3.497183673,8.098984772,0
24,38,5.134163265,7.540609137,1
25,38,3.571591837,8.043147208,0
26,38,5.134163265,8.098984772,0
27,38,6.771142857,7.484771574,0
28,38,5.059755102,7.42893401,0
29,38,6.771142857,7.42893401,0
30,38,5.059755102,8.098984772,0
31,38,5.134163265,8.098984772,0
32,38,3.720408163,8.098984772,0
33,38,3.571591837,8.098984772,0
34,38,3.571591837,8.098984772,0
35,38,3.571591837,8.098984772,0
36,38,3.571591837,8.154822335,0
37,38,1.785795918,8.545685279,0
38,38,1.785795918,8.601522843,0
39,38,1.785795918,8.601522843,0
40,38,1.785795918,8.601522843,0
41,38,3.571591837,8.601522843,1
42,38,3.720408163,8.098984772,1
43,38,3.571591837,8.098984772,1
44,38,3.571591837,8.098984772,1
45,38,1.785795918,8.601522843,0
46,38,1.785795918,8.657360406,1
47,38,1.785795918,8.098984772,1
48,38,3.646,8.098984772,1
49,38,1.711387755,8.098984772,1
50,38,3.571591837,8.098984772,1
51,38,1.860204082,8.154822335,1
52,38,1.785795918,8.098984772,1
53,38,1.860204082,8.098984772,1
54,38,3.571591837,8.098984772,1
55,38,3.571591837,8.154822335,1
56,38,3.571591837,0.337563452,0
2,39,1.785795918,9.271573604,1
3,39,1.785795918,9.327411168,1
4,39,1.785795918,9.327411168,1
5,39,1.785795918,10.27664975,0
6,39,1.785795918,10.33248731,0
7,39,1.785795918,8.657360406,0
8,39,3.571591837,8.545685279,1
9,39,5.059755102,8.154822335,0
10,39,5.134163265,8.154822335,1
11,39,5.059755102,8.098984772,0
12,39,5.134163265,8.210659898,0
13,39,5.134163265,8.154822335,0
14,39,6.696734694,7.484771574,0
15,39,6.771142857,7.484771574,0
16,39,8.259306122,6.312182741,0
17,39,9.673061224,6.256345178,1
18,39,6.696734694,7.484771574,0
19,39,5.134163265,8.210659898,0
20,39,5.134163265,8.210659898,0
21,39,5.059755102,8.210659898,0
22,39,3.571591837,8.210659898,0
23,39,5.134163265,8.210659898,0
24,39,6.771142857,7.42893401,0
25,39,5.134163265,8.154822335,0
26,39,5.059755102,8.098984772,0
27,39,6.696734694,7.540609137,0
28,39,5.282979592,8.154822335,0
29,39,5.059755102,8.210659898,0
30,39,5.059755102,8.154822335,0
31,39,3.571591837,8.154822335,0
32,39,3.571591837,8.210659898,0
33,39,3.571591837,8.210659898,0
34,39,3.571591837,8.210659898,0
35,39,3.571591837,8.210659898,0
36,39,3.646,8.210659898,0
37,39,3.571591837,8.601522843,0
38,39,1.785795918,8.601522843,0
39,39,1.785795918,8.601522843,0
40,39,1.860204082,8.601522843,0
41,39,3.571591837,8.601522843,1
42,39,3.571591837,8.154822335,1
43,39,3.571591837,8.210659898,1
44,39,3.571591837,8.210659898,0
45,39,3.571591837,8.154822335,0
46,39,3.571591837,8.154822335,1
47,39,3.571591837,8.154822335,1
48,39,3.571591837,8.489847716,1
49,39,3.571591837,8.154822335,1
50,39,3.571591837,8.210659898,1
51,39,3.571591837,8.210659898,1
52,39,3.497183673,8.210659898,1
53,39,3.571591837,8.210659898,1
54,39,3.571591837,8.210659898,1
55,39,3.571591837,8.210659898,1
56,39,3.571591837,8.098984772,0
2,40,1.785795918,9.327411168,1
3,40,1.785795918,8.657360406,1
4,40,1.785795918,8.545685279,0
5,40,1.785795918,9.271573604,0
6,40,1.785795918,10.27664975,0
7,40,1.860204082,9.327411168,1
8,40,3.571591837,8.601522843,0
9,40,5.059755102,8.154822335,1
10,40,5.134163265,8.154822335,0
11,40,5.282979592,8.154822335,0
12,40,6.771142857,8.154822335,1
13,40,5.134163265,8.154822335,0
14,40,5.208571429,7.484771574,0
15,40,6.771142857,7.484771574,0
16,40,8.333714286,6.200507614,1
17,40,8.110489796,6.926395939,0
18,40,5.134163265,8.154822335,0
19,40,5.134163265,8.098984772,0
20,40,5.208571429,8.154822335,0
21,40,3.497183673,8.154822335,0
22,40,3.497183673,8.154822335,0
23,40,5.134163265,8.154822335,0
24,40,5.134163265,7.484771574,0
25,40,5.134163265,8.098984772,0
26,40,5.134163265,8.154822335,0
27,40,5.134163265,8.154822335,0
28,40,5.208571429,8.154822335,0
29,40,3.571591837,8.154822335,0
30,40,3.571591837,8.154822335,0
31,40,3.571591837,8.154822335,0
32,40,3.571591837,8.154822335,0
33,40,3.571591837,8.154822335,0
34,40,3.571591837,8.154822335,0
35,40,3.571591837,8.154822335,0
36,40,3.571591837,8.154822335,1
37,40,3.571591837,8.154822335,1
38,40,3.571591837,8.154822335,0
39,40,3.571591837,8.601522843,0
40,40,3.571591837,8.601522843,0
41,40,3.571591837,8.154822335,1
42,40,3.571591837,8.154822335,1
43,40,3.571591837,8.154822335,1
44,40,3.571591837,8.154822335,0
45,40,3.571591837,8.154822335,0
46,40,3.571591837,8.154822335,1
47,40,3.571591837,8.657360406,1
48,40,3.571591837,8.043147208,1
49,40,3.571591837,8.154822335,1
50,40,5.134163265,8.154822335,1
51,40,5.134163265,8.154822335,1
52,40,3.571591837,8.154822335,1
53,40,5.059755102,8.154822335,1
54,40,3.571591837,8.154822335,1
55,40,3.571591837,8.210659898,0
56,40,3.571591837,8.154822335,0
1,41,1.785795918,8.601522843,1
2,41,1.785795918,8.489847716,0
3,41,1.785795918,8.601522843,1
4,41,1.785795918,8.601522843,0
5,41,1.785795918,8.601522843,0
6,41,1.785795918,9.271573604,0
7,41,1.785795918,10.27664975,1
8,41,1.711387755,9.271573604,1
9,41,3.571591837,8.098984772,1
10,41,5.134163265,8.098984772,0
11,41,5.134163265,8.098984772,0
12,41,5.134163265,8.098984772,0
13,41,6.84555102,8.154822335,0
14,41,6.771142857,7.484771574,0
15,41,8.110489796,6.926395939,0
16,41,8.184897959,6.870558376,0
17,41,6.84555102,7.484771574,0
18,41,5.059755102,8.043147208,0
19,41,5.059755102,7.484771574,0
20,41,6.771142857,7.540609137,1
21,41,3.571591837,8.098984772,0
22,41,5.282979592,8.098984772,0
23,41,5.134163265,8.098984772,0
24,41,5.134163265,8.098984772,0
25,41,5.134163265,7.484771574,0
26,41,5.134163265,8.098984772,0
27,41,5.134163265,8.098984772,0
28,41,5.134163265,8.098984772,0
29,41,5.134163265,8.098984772,0
30,41,5.134163265,8.098984772,0
31,41,3.646,8.098984772,0
32,41,3.571591837,8.098984772,0
33,41,3.571591837,8.098984772,0
34,41,3.571591837,8.098984772,0
35,41,3.571591837,8.098984772,0
36,41,3.571591837,8.098984772,0
37,41,3.571591837,8.098984772,0
38,41,3.571591837,8.098984772,0
39,41,3.571591837,8.098984772,0
40,41,3.571591837,8.098984772,0
41,41,3.571591837,8.043147208,0
42,41,3.571591837,8.098984772,1
43,41,3.571591837,8.098984772,0
44,41,3.497183673,8.098984772,0
45,41,5.059755102,8.098984772,1
46,41,3.571591837,8.098984772,0
47,41,3.571591837,8.043147208,0
48,41,3.571591837,8.601522843,1
49,41,3.571591837,8.154822335,1
50,41,5.134163265,8.098984772,1
51,41,5.134163265,8.098984772,1
52,41,5.059755102,8.098984772,1
53,41,5.208571429,8.098984772,0
54,41,5.059755102,8.098984772,0
55,41,3.571591837,8.098984772,0
1,42,1.711387755,8.601522843,1
2,42,1.785795918,8.601522843,1
3,42,1.785795918,8.601522843,0
4,42,1.785795918,8.601522843,0
5,42,1.785795918,8.601522843,0
6,42,1.785795918,9.271573604,0
7,42,1.785795918,10.22081218,0
8,42,1.785795918,9.271573604,1
9,42,3.571591837,8.545685279,0
10,42,3.571591837,8.154822335,0
11,42,3.571591837,8.154822335,0
12,42,5.134163265,8.154822335,0
13,42,5.059755102,8.098984772,0
14,42,5.282979592,8.154822335,0
15,42,8.259306122,6.870558376,0
16,42,6.771142857,7.484771574,0
17,42,5.134163265,7.484771574,0
18,42,5.134163265,8.098984772,1
19,42,5.282979592,8.098984772,1
20,42,5.134163265,8.098984772,0
21,42,3.571591837,8.043147208,0
22,42,6.771142857,8.154822335,0
23,42,6.84555102,8.154822335,0
24,42,5.134163265,8.043147208,0
25,42,5.059755102,8.043147208,0
26,42,3.571591837,8.154822335,1
27,42,5.134163265,8.154822335,0
28,42,5.059755102,8.154822335,0
29,42,5.059755102,8.098984772,0
30,42,5.134163265,8.154822335,1
31,42,3.497183673,8.154822335,0
32,42,5.134163265,8.154822335,0
33,42,5.134163265,8.154822335,0
34,42,5.134163265,8.154822335,0
35,42,5.134163265,8.154822335,0
36,42,5.134163265,8.154822335,1
37,42,5.134163265,8.154822335,1
38,42,3.646,8.154822335,0
39,42,3.497183673,8.154822335,0
40,42,3.571591837,8.154822335,0
41,42,3.497183673,8.154822335,0
42,42,3.646,8.154822335,1
43,42,5.134163265,8.154822335,0
44,42,5.134163265,8.154822335,0
45,42,5.134163265,8.154822335,0
46,42,5.134163265,8.043147208,0
47,42,5.134163265,8.154822335,0
48,42,5.208571429,8.098984772,0
49,42,3.497183673,8.098984772,0
50,42,3.571591837,8.043147208,0
51,42,5.134163265,8.154822335,0
52,42,6.771142857,8.043147208,0
53,42,6.771142857,8.098984772,0
54,42,5.134163265,8.098984772,0
55,42,5.282979592,8.322335025,0
1,43,3.571591837,8.601522843,0
2,43,3.571591837,8.601522843,0
3,43,3.571591837,8.601522843,0
4,43,1.785795918,8.601522843,0
5,43,1.785795918,8.601522843,0
6,43,1.711387755,8.601522843,0
7,43,1.785795918,9.271573604,0
8,43,1.860204082,9.271573604,1
9,43,3.571591837,8.601522843,1
10,43,3.571591837,8.098984772,1
11,43,3.571591837,8.098984772,0
12,43,5.282979592,8.154822335,0
13,43,5.282979592,8.210659898,0
14,43,5.282979592,8.098984772,0
15,43,6.696734694,7.484771574,0
16,43,6.771142857,7.484771574,0
17,43,5.134163265,8.154822335,0
18,43,3.497183673,8.154822335,0
19,43,3.646,8.154822335,0
20,43,5.059755102,8.154822335,0
21,43,3.571591837,8.154822335,0
22,43,6.771142857,8.154822335,0
23,43,5.282979592,8.154822335,0
24,43,5.134163265,8.154822335,0
25,43,5.134163265,8.154822335,0
26,43,4.985346939,8.154822335,0
27,43,5.134163265,8.154822335,0
28,43,8.259306122,6.256345178,0
29,43,6.84555102,6.926395939,0
30,43,5.059755102,8.210659898,0
31,43,5.134163265,8.154822335,0
32,43,5.134163265,8.154822335,0
33,43,5.134163265,8.154822335,0
34,43,5.134163265,8.154822335,0
35,43,5.134163265,8.154822335,0
36,43,5.134163265,8.154822335,0
37,43,5.134163265,8.154822335,1
38,43,5.134163265,8.154822335,0
39,43,5.134163265,8.154822335,1
40,43,3.646,8.154822335,1
41,43,5.208571429,8.154822335,0
42,43,5.134163265,8.154822335,0
43,43,5.134163265,8.210659898,0
44,43,5.282979592,8.210659898,1
45,43,6.696734694,8.154822335,1
46,43,6.771142857,7.373096447,1
47,43,8.259306122,6.926395939,0
48,43,6.84555102,6.926395939,0
49,43,6.771142857,7.484771574,0
50,43,6.696734694,8.266497462,0
51,43,5.208571429,8.154822335,0
52,43,5.059755102,8.154822335,0
53,43,6.771142857,7.484771574,0
54,43,5.134163265,7.42893401,0
55,43,5.134163265,0.337563452,0
1,44,3.571591837,8.71319797,0
2,44,3.646,8.601522843,1
3,44,3.646,8.154822335,0
4,44,3.571591837,8.601522843,0
5,44,3.571591837,8.545685279,0
6,44,1.860204082,8.545685279,0
7,44,3.497183673,8.657360406,0
8,44,1.785795918,9.271573604,1
9,44,1.785795918,8.601522843,0
10,44,3.497183673,8.601522843,0
11,44,3.497183673,8.154822335,0
12,44,3.571591837,8.154822335,0
13,44,5.134163265,8.154822335,0
14,44,6.771142857,7.540609137,0
15,44,5.059755102,8.154822335,0
16,44,6.771142857,7.540609137,0
17,44,5.134163265,8.154822335,0
18,44,3.571591837,8.154822335,0
19,44,5.134163265,8.154822335,0
20,44,5.134163265,8.154822335,0
21,44,5.134163265,8.098984772,0
22,44,5.134163265,8.154822335,0
23,44,5.134163265,8.154822335,0
24,44,5.059755102,8.154822335,0
25,44,5.134163265,8.154822335,0
26,44,6.771142857,7.42893401,0
27,44,5.282979592,7.484771574,0
28,44,5.282979592,7.484771574,0
29,44,8.184897959,6.312182741,0
30,44,8.259306122,6.926395939,0
31,44,6.84555102,8.154822335,0
32,44,6.696734694,8.154822335,0
33,44,5.282979592,8.154822335,0
34,44,5.134163265,8.154822335,0
35,44,5.059755102,8.154822335,0
36,44,5.134163265,8.154822335,1
37,44,5.282979592,8.154822335,1
38,44,5.134163265,8.154822335,0
39,44,5.134163265,8.154822335,0
40,44,5.059755102,8.154822335,0
41,44,5.208571429,8.154822335,0
42,44,6.771142857,8.154822335,1
43,44,6.771142857,8.098984772,0
44,44,6.84555102,7.484771574,0
45,44,6.771142857,7.540609137,0
46,44,8.184897959,6.312182741,0
47,44,9.673061224,6.200507614,0
48,44,9.821877551,5.530456853,0
49,44,8.259306122,5.586294416,0
2,45,5.134163265,8.210659898,0
3,45,6.547918367,8.154822335,1
4,45,5.134163265,8.043147208,0
5,45,5.134163265,8.098984772,0
6,45,3.571591837,8.601522843,0
7,45,3.646,8.601522843,0
8,45,3.571591837,8.657360406,0
9,45,3.571591837,8.601522843,0
10,45,3.571591837,8.098984772,0
11,45,3.571591837,8.098984772,0
12,45,5.134163265,8.098984772,0
13,45,6.84555102,8.098984772,0
14,45,8.259306122,6.926395939,0
15,45,5.282979592,7.42893401,0
16,45,5.357387755,8.098984772,0
17,45,5.134163265,8.098984772,0
18,45,3.497183673,8.098984772,0
19,45,5.134163265,8.098984772,0
20,45,5.134163265,8.098984772,0
21,45,6.696734694,7.484771574,0
22,45,5.059755102,8.098984772,0
23,45,5.134163265,8.098984772,0
24,45,5.134163265,8.043147208,0
25,45,6.771142857,7.484771574,0
26,45,8.259306122,6.926395939,0
27,45,6.771142857,7.484771574,0
28,45,6.696734694,7.484771574,0
29,45,6.696734694,6.870558376,0
30,45,9.821877551,5.530456853,0
31,45,9.673061224,6.312182741,0
32,45,6.84555102,7.484771574,0
33,45,6.696734694,7.484771574,0
34,45,5.134163265,8.098984772,0
35,45,5.059755102,8.098984772,0
36,45,6.771142857,7.484771574,1
37,45,6.771142857,8.154822335,1
38,45,5.134163265,8.098984772,0
39,45,5.134163265,8.098984772,0
40,45,5.134163265,8.098984772,1
41,45,6.771142857,8.098984772,1
42,45,6.84555102,7.484771574,1
43,45,8.184897959,6.870558376,0
44,45,8.259306122,6.814720812,0
45,45,8.259306122,6.256345178,0
46,45,9.821877551,6.256345178,0
47,45,9.821877551,5.530456853,0
3,46,8.184897959,7.42893401,1
4,46,6.771142857,8.098984772,0
5,46,6.771142857,8.154822335,0
6,46,5.134163265,8.154822335,0
7,46,5.282979592,8.154822335,0
8,46,3.497183673,8.601522843,0
9,46,3.571591837,8.545685279,0
10,46,5.059755102,8.098984772,0
11,46,5.134163265,8.098984772,0
12,46,5.134163265,8.098984772,0
13,46,5.134163265,8.098984772,0
14,46,5.134163265,8.210659898,0
15,46,5.134163265,8.154822335,0
16,46,3.571591837,8.154822335,0
17,46,3.571591837,8.154822335,0
18,46,3.571591837,8.098984772,0
19,46,3.571591837,8.154822335,0
20,46,5.134163265,8.098984772,0
21,46,8.184897959,6.982233503,0
22,46,6.771142857,8.154822335,0
23,46,5.134163265,8.154822335,0
24,46,5.134163265,8.154822335,0
25,46,8.184897959,6.870558376,0
26,46,8.184897959,6.312182741,0
27,46,6.771142857,7.484771574,0
28,46,6.771142857,7.42893401,0
29,46,6.771142857,7.484771574,0
30,46,8.110489796,6.926395939,0
31,46,9.747469388,6.312182741,0
32,46,9.747469388,6.256345178,0
33,46,8.184897959,6.312182741,0
34,46,6.84555102,6.926395939,0
35,46,8.110489796,6.870558376,0
36,46,6.771142857,7.484771574,0
37,46,6.84555102,6.870558376,0
38,46,6.771142857,7.540609137,0
39,46,6.771142857,8.154822335,1
40,46,6.771142857,7.484771574,1
41,46,8.259306122,6.926395939,1
42,46,8.184897959,6.926395939,0
43,46,9.673061224,6.256345178,1
44,46,9.821877551,6.256345178,0
45,46,9.747469388,5.586294416,0
3,47,8.184897959,6.926395939,0
4,47,8.259306122,6.814720812,0
5,47,8.184897959,7.484771574,0
6,47,6.771142857,8.154822335,0
7,47,5.208571429,8.154822335,0
8,47,6.771142857,8.154822335,0
9,47,5.134163265,8.154822335,1
10,47,3.571591837,8.601522843,0
11,47,3.571591837,8.601522843,1
12,47,5.282979592,8.098984772,0
13,47,5.282979592,8.098984772,0
14,47,3.497183673,8.601522843,0
15,47,3.646,8.154822335,0
16,47,5.134163265,8.154822335,0
17,47,5.134163265,8.098984772,0
18,47,3.571591837,8.154822335,0
19,47,3.571591837,8.545685279,0
20,47,3.571591837,8.098984772,0
21,47,6.771142857,7.540609137,0
22,47,6.771142857,8.154822335,0
23,47,5.282979592,8.154822335,0
24,47,6.84555102,7.42893401,0
25,47,9.747469388,6.312182741,0
26,47,8.184897959,6.870558376,0
27,47,5.357387755,8.098984772,0
28,47,5.134163265,8.154822335,0
29,47,6.771142857,8.210659898,0
30,47,6.771142857,7.484771574,0
31,47,8.259306122,6.926395939,0
32,47,9.598653061,6.256345178,0
33,47,9.747469388,6.256345178,0
34,47,9.673061224,6.312182741,0
35,47,8.184897959,6.312182741,0
36,47,6.84555102,6.870558376,0
37,47,8.184897959,6.256345178,1
38,47,6.994367347,8.154822335,0
39,47,8.184897959,7.484771574,0
40,47,9.747469388,6.312182741,1
41,47,10.86359184,5.586294416,0
42,47,10.938,5.586294416,0
43,47,10.938,4.972081218,0
44,47,9.747469388,5.474619289,0
3,48,8.184897959,8.043147208,0
4,48,8.259306122,6.926395939,0
5,48,6.771142857,7.484771574,0
6,48,6.771142857,8.154822335,0
7,48,6.771142857,8.098984772,0
8,48,6.771142857,8.098984772,0
9,48,5.134163265,8.154822335,0
10,48,3.571591837,8.601522843,0
11,48,3.571591837,9.271573604,0
12,48,5.134163265,8.154822335,0
13,48,3.571591837,8.098984772,0
14,48,3.571591837,8.601522843,0
15,48,5.134163265,8.154822335,0
16,48,5.134163265,8.098984772,0
17,48,5.134163265,8.098984772,0
18,48,3.571591837,8.601522843,0
19,48,3.571591837,8.601522843,0
20,48,3.571591837,8.098984772,0
21,48,5.134163265,8.043147208,0
22,48,5.134163265,8.098984772,0
23,48,5.059755102,8.098984772,0
24,48,6.771142857,7.42893401,0
25,48,8.184897959,6.870558376,0
26,48,6.771142857,8.098984772,0
27,48,5.134163265,8.098984772,0
28,48,5.059755102,8.098984772,0
29,48,5.134163265,8.098984772,0
30,48,5.134163265,8.154822335,0
31,48,6.771142857,8.098984772,0
32,48,6.771142857,8.098984772,1
33,48,6.84555102,7.484771574,0
34,48,8.184897959,6.870558376,0
35,48,8.259306122,6.312182741,0
36,48,8.184897959,6.312182741,0
37,48,8.184897959,6.144670051,0
38,48,8.184897959,6.870558376,1
39,48,8.259306122,6.870558376,1
40,48,9.747469388,6.312182741,0
41,48,10.938,4.916243655,0
3,49,6.994367347,8.154822335,0
4,49,8.036081633,7.484771574,0
5,49,6.771142857,7.540609137,0
6,49,6.771142857,7.484771574,0
7,49,6.84555102,8.154822335,0
8,49,6.771142857,8.043147208,0
9,49,5.282979592,8.154822335,0
10,49,3.720408163,8.601522843,0
11,49,3.794816327,8.601522843,0
12,49,5.134163265,8.154822335,0
13,49,5.059755102,8.098984772,0
14,49,5.282979592,8.154822335,0
15,49,5.134163265,8.098984772,0
16,49,6.771142857,7.484771574,0
17,49,5.134163265,8.043147208,0
18,49,3.571591837,8.657360406,0
19,49,3.571591837,8.545685279,0
20,49,3.646,8.601522843,0
21,49,3.571591837,8.154822335,0
22,49,5.059755102,8.043147208,0
23,49,5.134163265,8.154822335,0
24,49,5.282979592,8.043147208,0
25,49,6.771142857,8.043147208,0
26,49,5.134163265,8.043147208,0
27,49,5.134163265,8.043147208,0
28,49,5.134163265,8.043147208,0
29,49,5.134163265,8.043147208,0
30,49,5.134163265,8.043147208,0
31,49,5.357387755,8.043147208,0
32,49,5.059755102,8.043147208,0
33,49,5.059755102,8.098984772,0
34,49,6.696734694,7.484771574,0
35,49,8.036081633,6.312182741,0
36,49,8.110489796,6.256345178,0
37,49,8.184897959,6.256345178,1
38,49,8.184897959,6.256345178,1
39,49,8.184897959,6.256345178,1
40,49,8.259306122,6.256345178,0
2,50,6.771142857,8.098984772,0
3,50,6.771142857,8.154822335,0
4,50,6.771142857,8.154822335,0
5,50,6.696734694,7.484771574,0
6,50,6.771142857,7.484771574,0
7,50,6.771142857,8.154822335,1
8,50,5.134163265,8.154822335,0
9,50,3.794816327,8.154822335,0
10,50,5.134163265,8.154822335,0
11,50,6.84555102,8.154822335,0
12,50,5.134163265,8.154822335,0
13,50,5.134163265,8.154822335,0
14,50,6.696734694,8.154822335,0
15,50,5.059755102,8.154822335,0
16,50,5.282979592,8.154822335,0
17,50,3.571591837,9.327411168,0
18,50,3.571591837,9.271573604,1
19,50,1.785795918,8.601522843,1
20,50,3.646,8.601522843,1
21,50,5.134163265,8.098984772,1
22,50,6.84555102,7.484771574,0
23,50,5.134163265,8.210659898,0
24,50,5.134163265,8.154822335,0
25,50,5.134163265,8.154822335,0
26,50,5.134163265,8.154822335,0
27,50,5.208571429,8.154822335,0
28,50,5.134163265,8.154822335,0
29,50,5.134163265,8.154822335,0
30,50,5.134163265,8.154822335,0
31,50,5.134163265,8.154822335,0
32,50,5.282979592,8.266497462,0
33,50,5.282979592,8.154822335,0
34,50,6.696734694,8.154822335,0
35,50,6.771142857,6.926395939,0
36,50,8.259306122,6.200507614,0
37,50,8.110489796,6.256345178,1
38,50,8.110489796,6.200507614,0
39,50,8.184897959,6.256345178,0
40,50,6.771142857,0.225888325,0
2,51,6.771142857,8.098984772,0
3,51,6.771142857,8.154822335,0
4,51,6.84555102,8.098984772,0
5,51,5.059755102,8.154822335,0
6,51,5.059755102,8.154822335,0
7,51,5.059755102,8.098984772,0
8,51,3.497183673,8.154822335,0
9,51,5.134163265,8.154822335,0
10,51,6.84555102,8.154822335,0
11,51,6.771142857,8.154822335,0
12,51,5.134163265,8.154822335,0
13,51,5.134163265,8.154822335,0
14,51,3.646,8.601522843,1
15,51,3.571591837,8.601522843,0
16,51,3.497183673,8.601522843,0
17,51,1.711387755,8.601522843,1
18,51,1.711387755,8.601522843,1
19,51,1.785795918,8.545685279,1
20,51,3.646,8.601522843,1
21,51,5.282979592,8.154822335,0
22,51,5.059755102,8.210659898,0
23,51,5.134163265,7.42893401,0
24,51,5.134163265,8.154822335,0
25,51,5.134163265,8.154822335,0
26,51,5.134163265,8.154822335,0
27,51,3.571591837,8.154822335,0
28,51,5.134163265,8.154822335,0
29,51,5.134163265,8.154822335,0
30,51,5.134163265,8.154822335,0
31,51,5.134163265,8.154822335,0
32,51,6.696734694,7.42893401,0
33,51,6.84555102,6.926395939,0
34,51,5.134163265,8.154822335,0
35,51,6.84555102,7.484771574,0
36,51,9.747469388,6.312182741,0
37,51,9.896285714,6.256345178,0
38,51,8.184897959,6.256345178,0
39,51,8.184897959,6.926395939,0
40,51,6.771142857,6.982233503,0
2,52,6.771142857,8.210659898,1
3,52,5.134163265,7.987309645,0
4,52,5.134163265,8.043147208,0
5,52,5.134163265,8.098984772,0
6,52,5.059755102,8.098984772,0
7,52,3.571591837,8.545685279,0
8,52,3.571591837,8.601522843,0
9,52,6.696734694,8.098984772,0
10,52,5.208571429,8.098984772,0
11,52,6.84555102,7.484771574,0
12,52,4.985346939,8.098984772,1
13,52,3.571591837,8.601522843,0
14,52,3.497183673,8.601522843,0
15,52,3.497183673,8.601522843,0
16,52,1.785795918,9.271573604,1
17,52,1.711387755,8.657360406,1
18,52,3.571591837,8.601522843,0
19,52,1.860204082,8.601522843,1
20,52,1.785795918,8.601522843,1
21,52,5.134163265,8.154822335,0
22,52,6.84555102,8.154822335,0
23,52,5.134163265,8.098984772,0
24,52,3.571591837,8.154822335,0
25,52,5.059755102,8.043147208,0
26,52,3.497183673,8.043147208,0
27,52,3.497183673,8.043147208,0
28,52,5.134163265,8.043147208,0
29,52,5.134163265,8.043147208,0
30,52,5.134163265,8.043147208,0
31,52,5.282979592,7.987309645,0
32,52,6.696734694,7.484771574,0
33,52,6.84555102,7.987309645,0
34,52,6.771142857,7.484771574,0
35,52,5.134163265,8.154822335,0
36,52,8.259306122,6.368020305,1
37,52,7.961673469,6.256345178,1
38,52,9.747469388,6.256345178,0
39,52,8.184897959,6.870558376,0
40,52,8.184897959,6.200507614,0
41,52,9.673061224,6.200507614,0
3,53,5.282979592,8.098984772,0
4,53,5.134163265,8.098984772,0
5,53,5.134163265,8.098984772,0
6,53,3.571591837,8.601522843,0
7,53,3.571591837,8.601522843,0
8,53,6.696734694,8.098984772,0
9,53,8.036081633,7.484771574,1
10,53,5.134163265,8.043147208,0
11,53,5.134163265,8.098984772,0
12,53,3.571591837,8.601522843,0
13,53,3.497183673,8.545685279,0
14,53,3.646,8.601522843,0
15,53,3.571591837,8.601522843,0
16,53,1.860204082,9.271573604,1
17,53,1.711387755,9.327411168,0
18,53,3.571591837,8.601522843,0
19,53,3.571591837,8.601522843,0
20,53,3.646,8.154822335,0
21,53,5.134163265,8.098984772,0
22,53,5.134163265,8.098984772,0
23,53,3.571591837,8.098984772,0
24,53,5.134163265,8.098984772,0
25,53,5.134163265,8.098984772,0
26,53,3.571591837,8.098984772,0
27,53,3.571591837,8.098984772,0
28,53,5.134163265,8.098984772,0
29,53,5.134163265,8.098984772,0
30,53,5.134163265,8.098984772,0
31,53,3.571591837,8.098984772,0
32,53,6.771142857,8.098984772,0
33,53,6.771142857,8.098984772,0
34,53,6.771142857,8.154822335,0
35,53,6.771142857,7.484771574,0
36,53,6.771142857,7.484771574,0
37,53,8.184897959,6.870558376,1
38,53,8.184897959,6.870558376,0
39,53,6.696734694,7.484771574,0
40,53,8.036081633,6.256345178,0
41,53,8.259306122,6.312182741,0
4,54,5.134163265,8.657360406,0
5,54,3.646,8.545685279,0
6,54,5.059755102,8.098984772,0
7,54,6.622326531,8.154822335,0
8,54,8.259306122,7.540609137,0
9,54,6.84555102,8.098984772,0
10,54,5.208571429,8.154822335,0
11,54,5.134163265,8.154822335,0
12,54,3.646,8.154822335,0
13,54,5.059755102,8.154822335,0
14,54,3.571591837,8.601522843,0
15,54,3.571591837,8.601522843,0
16,54,1.711387755,10.27664975,1
17,54,3.571591837,9.271573604,0
18,54,5.134163265,8.154822335,0
19,54,5.134163265,8.154822335,0
20,54,5.282979592,8.154822335,0
21,54,3.497183673,8.154822335,0
22,54,5.282979592,8.154822335,0
23,54,3.571591837,8.154822335,0
24,54,5.134163265,8.154822335,0
25,54,5.134163265,8.154822335,0
26,54,3.571591837,8.154822335,0
27,54,3.571591837,8.154822335,1
28,54,5.134163265,8.154822335,0
29,54,5.134163265,8.154822335,0
30,54,5.134163265,8.154822335,0
31,54,5.208571429,8.154822335,1
32,54,5.282979592,8.154822335,0
33,54,6.771142857,8.154822335,0
34,54,6.771142857,8.154822335,0
35,54,6.771142857,7.484771574,0
36,54,6.771142857,7.484771574,1
37,54,6.771142857,7.484771574,0
38,54,6.771142857,7.484771574,0
39,54,6.771142857,7.484771574,0
40,54,9.896285714,6.256345178,0
4,55,3.571591837,8.210659898,0
5,55,5.208571429,8.601522843,0
6,55,6.771142857,8.154822335,0
7,55,6.771142857,8.210659898,0
8,55,8.184897959,7.484771574,1
9,55,6.771142857,8.210659898,0
10,55,6.84555102,8.210659898,0
11,55,5.282979592,8.210659898,0
12,55,5.059755102,8.210659898,0
13,55,5.134163265,8.098984772,0
14,55,3.571591837,8.601522843,0
15,55,3.571591837,9.271573604,0
16,55,1.785795918,10.27664975,1
17,55,1.934612245,9.271573604,1
18,55,5.134163265,8.601522843,0
19,55,5.134163265,8.043147208,1
20,55,6.696734694,8.210659898,1
21,55,5.282979592,8.210659898,0
22,55,5.134163265,8.210659898,0
23,55,5.059755102,8.210659898,0
24,55,5.134163265,8.210659898,0
25,55,5.059755102,8.210659898,0
26,55,3.571591837,8.210659898,0
27,55,5.059755102,8.210659898,0
28,55,5.134163265,8.210659898,0
29,55,5.134163265,8.210659898,0
30,55,5.134163265,8.210659898,1
31,55,5.134163265,8.210659898,1
32,55,5.134163265,8.210659898,0
33,55,6.771142857,8.210659898,0
34,55,6.771142857,7.484771574,0
35,55,6.771142857,7.484771574,0
36,55,6.771142857,8.154822335,0
37,55,6.696734694,8.154822335,1
38,55,5.357387755,8.098984772,0
39,55,6.696734694,7.540609137,0
40,55,8.184897959,6.926395939,0
41,55,8.184897959,7.540609137,0
4,56,5.134163265,8.657360406,0
5,56,5.134163265,8.154822335,1
6,56,6.696734694,8.154822335,1
7,56,5.059755102,8.098984772,1
8,56,6.771142857,8.098984772,0
9,56,6.771142857,8.098984772,0
10,56,5.059755102,8.098984772,0
11,56,5.282979592,8.098984772,0
12,56,5.134163265,8.154822335,1
13,56,5.134163265,8.154822335,0
14,56,3.571591837,8.601522843,0
15,56,3.348367347,9.271573604,0
16,56,1.785795918,10.22081218,0
17,56,1.785795918,9.271573604,0
18,56,5.134163265,8.098984772,0
19,56,5.134163265,8.098984772,1
20,56,6.771142857,8.098984772,0
21,56,6.771142857,8.098984772,1
22,56,5.059755102,8.098984772,0
23,56,5.134163265,8.098984772,0
24,56,5.134163265,8.098984772,0
25,56,5.134163265,8.098984772,0
26,56,5.134163265,8.098984772,0
27,56,5.282979592,8.098984772,0
28,56,5.134163265,8.098984772,0
29,56,5.282979592,8.098984772,0
30,56,5.134163265,8.098984772,0
31,56,5.134163265,8.098984772,0
32,56,5.134163265,8.098984772,0
33,56,5.134163265,8.098984772,0
34,56,6.771142857,7.484771574,0
35,56,6.771142857,6.926395939,0
36,56,6.771142857,8.043147208,0
37,56,6.771142857,7.484771574,0
38,56,6.771142857,8.154822335,0
39,56,6.771142857,7.484771574,0
40,56,8.184897959,6.926395939,0
41,56,9.747469388,6.200507614,0
4,57,5.134163265,8.098984772,0
5,57,5.134163265,8.601522843,0
6,57,5.134163265,8.210659898,1
7,57,5.134163265,8.098984772,0
8,57,5.134163265,8.098984772,0
9,57,5.134163265,8.098984772,0
10,57,5.134163265,8.098984772,1
11,57,3.571591837,8.098984772,1
12,57,5.134163265,8.545685279,1
13,57,5.134163265,8.043147208,1
14,57,5.134163265,8.043147208,1
15,57,1.860204082,9.215736041,0
16,57,1.785795918,10.27664975,0
17,57,1.785795918,10.33248731,0
18,57,5.134163265,8.601522843,0
19,57,5.134163265,8.154822335,0
20,57,6.771142857,8.098984772,1
21,57,5.059755102,8.098984772,1
22,57,5.134163265,8.098984772,0
23,57,5.134163265,8.098984772,0
24,57,5.134163265,8.098984772,0
25,57,5.134163265,8.098984772,0
26,57,5.134163265,8.098984772,0
27,57,6.84555102,8.098984772,0
28,57,6.771142857,8.098984772,0
29,57,6.696734694,8.098984772,0
30,57,5.134163265,8.098984772,0
31,57,5.134163265,8.098984772,1
32,57,5.134163265,8.098984772,0
33,57,5.134163265,8.098984772,0
34,57,6.771142857,7.484771574,0
35,57,8.184897959,6.926395939,0
36,57,6.84555102,7.484771574,0
37,57,6.771142857,8.154822335,0
38,57,6.771142857,8.154822335,0
39,57,6.771142857,8.154822335,0
40,57,8.110489796,7.484771574,0
41,57,8.184897959,6.926395939,0
42,57,8.184897959,6.982233503,0
5,58,3.497183673,8.545685279,0
6,58,3.571591837,8.601522843,0
7,58,5.059755102,8.601522843,0
8,58,5.134163265,8.154822335,1
9,58,5.134163265,8.154822335,1
10,58,5.134163265,8.154822335,1
11,58,5.059755102,8.154822335,1
12,58,5.134163265,8.154822335,1
13,58,5.134163265,8.043147208,0
14,58,5.134163265,8.601522843,0
15,58,1.785795918,10.22081218,1
16,58,1.785795918,10.27664975,1
17,58,1.785795918,10.27664975,0
18,58,3.571591837,8.601522843,0
19,58,3.571591837,8.601522843,0
20,58,3.571591837,8.601522843,0
21,58,5.134163265,8.098984772,0
22,58,5.134163265,8.154822335,0
23,58,5.134163265,8.043147208,0
24,58,5.134163265,8.154822335,0
25,58,6.771142857,8.154822335,0
26,58,6.771142857,8.154822335,0
27,58,6.771142857,8.154822335,0
28,58,6.771142857,8.154822335,0
29,58,6.771142857,8.154822335,0
30,58,5.134163265,8.154822335,0
31,58,5.134163265,8.154822335,0
32,58,5.134163265,8.154822335,0
33,58,5.134163265,8.154822335,0
34,58,6.771142857,7.484771574,0
35,58,8.184897959,6.870558376,0
36,58,6.84555102,8.098984772,0
37,58,6.771142857,8.154822335,0
38,58,5.134163265,8.154822335,1
39,58,6.696734694,8.154822335,1
40,58,6.771142857,8.154822335,1
41,58,8.184897959,7.540609137,0
42,58,8.110489796,6.758883249,0
43,58,6.696734694,8.210659898,0
44,58,8.110489796,0.393401015,0
5,59,4.985346939,8.601522843,0
6,59,3.571591837,8.657360406,0
7,59,3.794816327,9.271573604,0
8,59,5.208571429,8.601522843,0
9,59,5.059755102,8.601522843,1
10,59,5.134163265,8.154822335,0
11,59,5.134163265,8.154822335,1
12,59,5.134163265,8.154822335,0
13,59,5.134163265,8.154822335,0
14,59,5.134163265,8.601522843,1
15,59,1.785795918,9.215736041,0
16,59,1.785795918,10.27664975,1
17,59,1.860204082,10.27664975,1
18,59,3.646,8.601522843,0
19,59,3.571591837,8.601522843,0
20,59,3.571591837,8.601522843,0
21,59,3.571591837,8.601522843,0
22,59,3.646,8.601522843,0
23,59,5.134163265,8.154822335,0
24,59,5.134163265,8.154822335,0
25,59,6.771142857,8.154822335,0
26,59,6.771142857,8.154822335,0
27,59,6.771142857,8.154822335,0
28,59,6.771142857,8.154822335,0
29,59,6.771142857,8.154822335,0
30,59,5.282979592,8.154822335,0
31,59,5.134163265,8.154822335,0
32,59,5.134163265,8.154822335,0
33,59,5.134163265,8.154822335,1
34,59,6.696734694,8.154822335,0
35,59,8.110489796,8.154822335,0
36,59,6.84555102,8.154822335,0
37,59,6.771142857,8.154822335,0
38,59,6.696734694,8.154822335,1
39,59,5.134163265,8.154822335,1
40,59,6.771142857,8.154822335,0
41,59,6.771142857,8.154822335,0
42,59,6.771142857,8.154822335,0
43,59,8.259306122,6.870558376,0
44,59,9.821877551,5.586294416,0
6,60,3.497183673,8.71319797,0
7,60,5.282979592,9.271573604,0
8,60,3.646,8.545685279,0
9,60,5.282979592,8.154822335,0
10,60,5.134163265,8.154822335,1
11,60,5.208571429,8.098984772,1
12,60,5.134163265,8.154822335,1
13,60,5.134163265,8.545685279,1
14,60,3.646,8.601522843,0
15,60,1.785795918,9.215736041,1
16,60,1.711387755,10.27664975,1
17,60,3.571591837,9.327411168,0
18,60,3.646,8.601522843,0
19,60,3.571591837,8.601522843,0
20,60,3.571591837,8.601522843,0
21,60,3.720408163,8.601522843,0
22,60,5.282979592,8.601522843,0
23,60,5.134163265,8.154822335,0
24,60,5.134163265,8.098984772,0
25,60,6.771142857,8.098984772,0
26,60,6.771142857,8.098984772,0
27,60,6.771142857,8.098984772,0
28,60,6.771142857,8.098984772,0
29,60,6.771142857,8.098984772,0
30,60,6.771142857,8.098984772,0
31,60,6.771142857,8.098984772,0
32,60,6.84555102,8.098984772,0
33,60,6.771142857,8.098984772,0
34,60,6.771142857,8.098984772,0
35,60,6.771142857,8.098984772,0
36,60,6.771142857,8.098984772,0
37,60,6.771142857,8.098984772,0
38,60,5.282979592,8.098984772,0
39,60,6.771142857,8.154822335,0
40,60,6.696734694,7.484771574,0
41,60,6.771142857,7.484771574,0
42,60,6.771142857,7.484771574,0
43,60,8.259306122,6.368020305,0
44,60,11.01240816,5.586294416,0
45,60,12.27734694,5.697969543,0
11,61,5.059755102,8.154822335,1
12,61,5.059755102,8.154822335,1
13,61,5.059755102,8.601522843,1
14,61,3.646,9.327411168,1
15,61,1.860204082,9.271573604,0
16,61,1.711387755,10.33248731,0
17,61,3.571591837,8.601522843,0
18,61,3.497183673,8.601522843,0
19,61,5.059755102,8.601522843,0
20,61,3.571591837,8.601522843,0
21,61,3.646,8.545685279,0
22,61,6.84555102,8.098984772,0
23,61,6.771142857,8.043147208,0
24,61,6.771142857,8.098984772,0
25,61,6.771142857,8.098984772,0
26,61,6.771142857,8.098984772,0
27,61,6.771142857,8.098984772,1
28,61,6.771142857,8.098984772,0
29,61,6.771142857,8.098984772,0
30,61,6.696734694,8.098984772,0
31,61,6.771142857,8.098984772,0
32,61,8.110489796,8.098984772,0
33,61,6.771142857,8.098984772,0
34,61,6.771142857,8.098984772,0
35,61,6.771142857,8.098984772,0
36,61,6.771142857,8.098984772,0
37,61,6.771142857,8.098984772,0
38,61,5.134163265,8.098984772,0
39,61,6.771142857,8.154822335,0
40,61,6.84555102,7.484771574,0
41,61,8.184897959,7.484771574,0
42,61,8.259306122,6.312182741,0
43,61,8.184897959,6.926395939,0
44,61,9.673061224,6.256345178,0
45,61,9.673061224,6.256345178,0
46,61,11.97971429,4.860406091,0
14,62,3.571591837,9.271573604,0
15,62,1.860204082,9.271573604,0
16,62,3.571591837,8.601522843,0
17,62,3.571591837,8.657360406,0
18,62,5.134163265,8.154822335,0
19,62,3.497183673,8.545685279,0
20,62,3.646,8.601522843,0
21,62,3.571591837,8.601522843,0
22,62,5.134163265,8.098984772,0
23,62,6.771142857,8.098984772,0
24,62,6.771142857,8.098984772,0
25,62,6.84555102,8.098984772,0
26,62,6.771142857,8.098984772,0
27,62,8.184897959,8.098984772,0
28,62,6.771142857,8.098984772,0
29,62,6.771142857,8.098984772,0
30,62,8.110489796,8.098984772,0
31,62,6.771142857,8.098984772,0
32,62,8.110489796,8.098984772,0
33,62,6.771142857,8.098984772,0
34,62,6.771142857,8.098984772,0
35,62,6.771142857,8.098984772,0
36,62,6.84555102,8.098984772,0
37,62,6.84555102,8.098984772,0
38,62,5.134163265,8.098984772,0
39,62,5.134163265,8.098984772,0
40,62,5.134163265,8.098984772,0
41,62,5.134163265,8.154822335,0
42,62,6.771142857,8.098984772,0
43,62,9.747469388,6.200507614,0
44,62,9.747469388,6.312182741,0
45,62,9.747469388,6.256345178,0
46,62,12.20293878,5.586294416,0
47,62,13.39346939,5.586294416,0
14,63,1.785795918,10.27664975,0
15,63,3.720408163,9.215736041,0
16,63,5.134163265,8.154822335,0
17,63,6.771142857,8.098984772,0
18,63,6.696734694,8.154822335,0
19,63,6.771142857,8.154822335,0
20,63,5.134163265,8.601522843,0
21,63,3.646,8.601522843,0
22,63,5.282979592,8.154822335,0
23,63,5.134163265,8.154822335,0
24,63,6.696734694,8.154822335,0
25,63,6.771142857,8.154822335,0
26,63,8.184897959,7.42893401,0
27,63,9.598653061,7.42893401,0
28,63,6.84555102,8.098984772,0
29,63,5.282979592,8.154822335,0
30,63,6.771142857,8.154822335,0
31,63,6.771142857,8.154822335,0
32,63,6.84555102,8.154822335,0
33,63,6.771142857,8.154822335,0
34,63,6.771142857,8.154822335,0
35,63,6.771142857,8.154822335,0
36,63,5.134163265,8.154822335,0
37,63,5.134163265,8.154822335,0
38,63,5.134163265,8.154822335,0
39,63,5.134163265,8.154822335,0
40,63,5.282979592,8.154822335,0
41,63,5.134163265,8.154822335,0
42,63,5.282979592,8.154822335,0
43,63,6.696734694,8.098984772,0
44,63,8.184897959,6.870558376,0
45,63,9.747469388,6.312182741,0
46,63,9.821877551,6.926395939,0
47,63,11.01240816,6.200507614,0
48,63,10.938,5.586294416,0
13,64,1.785795918,9.215736041,0
14,64,1.860204082,10.27664975,1
15,64,5.059755102,8.601522843,0
16,64,8.184897959,7.540609137,0
17,64,9.747469388,7.484771574,0
18,64,8.184897959,8.098984772,0
19,64,6.84555102,8.098984772,0
20,64,6.771142857,8.154822335,0
21,64,5.134163265,8.601522843,0
22,64,5.134163265,8.098984772,0
23,64,5.134163265,8.098984772,0
24,64,6.84555102,8.098984772,0
25,64,8.110489796,7.484771574,0
26,64,9.747469388,6.870558376,0
27,64,8.259306122,7.42893401,0
28,64,8.110489796,8.098984772,0
29,64,6.84555102,8.098984772,0
30,64,6.771142857,8.098984772,0
31,64,6.771142857,8.098984772,0
32,64,6.771142857,8.098984772,0
33,64,5.134163265,8.098984772,0
34,64,5.134163265,8.098984772,0
35,64,5.134163265,8.098984772,0
36,64,5.208571429,8.098984772,0
37,64,6.771142857,8.098984772,0
38,64,6.771142857,8.098984772,0
39,64,6.771142857,8.098984772,0
40,64,6.771142857,8.098984772,0
41,64,5.134163265,8.098984772,0
42,64,5.059755102,8.098984772,0
43,64,5.134163265,8.154822335,0
44,64,5.134163265,8.154822335,0
45,64,6.771142857,7.484771574,0
46,64,6.771142857,7.484771574,0
47,64,8.259306122,7.42893401,0
48,64,11.01240816,6.256345178,0
49,64,11.01240816,6.200507614,0
12,65,1.636979592,10.27664975,0
13,65,1.785795918,9.271573604,1
14,65,3.646,9.271573604,0
15,65,9.821877551,6.814720812,0
16,65,9.747469388,6.870558376,0
17,65,9.598653061,6.926395939,0
18,65,6.84555102,8.043147208,0
19,65,6.771142857,8.043147208,0
20,65,6.696734694,8.043147208,0
21,65,5.134163265,8.043147208,0
22,65,5.134163265,8.154822335,0
23,65,6.84555102,7.987309645,0
24,65,6.771142857,8.098984772,0
25,65,9.747469388,7.484771574,0
26,65,8.184897959,6.870558376,0
27,65,8.110489796,7.373096447,0
28,65,6.771142857,8.098984772,0
29,65,6.696734694,8.043147208,0
30,65,5.282979592,8.043147208,0
31,65,5.134163265,8.043147208,0
32,65,6.696734694,8.043147208,0
33,65,5.134163265,8.043147208,0
34,65,5.134163265,8.043147208,0
35,65,5.134163265,8.043147208,0
36,65,6.771142857,8.043147208,0
37,65,6.771142857,8.043147208,0
38,65,6.771142857,8.043147208,0
39,65,6.771142857,8.043147208,0
40,65,6.771142857,8.043147208,0
41,65,6.696734694,8.043147208,0
42,65,5.357387755,8.043147208,0
43,65,5.134163265,8.043147208,0
44,65,5.134163265,8.043147208,0
45,65,5.134163265,8.154822335,0
46,65,5.134163265,8.098984772,0
47,65,6.84555102,7.484771574,0
48,65,9.747469388,6.256345178,0
49,65,9.821877551,0.337563452,0
12,66,1.785795918,10.27664975,1
13,66,1.785795918,9.327411168,0
14,66,5.134163265,8.601522843,0
15,66,9.747469388,6.926395939,0
16,66,9.673061224,6.982233503,0
17,66,8.184897959,7.484771574,0
18,66,6.771142857,8.154822335,0
19,66,6.771142857,8.154822335,0
20,66,6.771142857,8.098984772,0
21,66,5.134163265,8.098984772,0
22,66,8.259306122,7.484771574,0
23,66,9.747469388,6.870558376,0
24,66,9.747469388,6.982233503,0
25,66,9.747469388,8.154822335,0
26,66,8.259306122,8.154822335,0
27,66,6.696734694,8.154822335,0
28,66,5.134163265,8.154822335,0
29,66,6.771142857,8.154822335,0
30,66,6.771142857,8.154822335,0
31,66,6.771142857,8.154822335,0
32,66,6.771142857,8.154822335,0
33,66,6.771142857,8.154822335,0
34,66,6.696734694,8.154822335,0
35,66,6.696734694,8.154822335,0
36,66,6.771142857,8.154822335,0
37,66,6.771142857,8.154822335,0
38,66,6.771142857,8.154822335,0
39,66,6.771142857,8.154822335,0
40,66,6.771142857,8.154822335,0
41,66,6.771142857,8.154822335,0
42,66,6.771142857,8.154822335,0
43,66,5.208571429,8.154822335,0
44,66,5.059755102,8.154822335,0
45,66,5.134163265,8.154822335,0
46,66,5.059755102,8.154822335,0
47,66,6.771142857,8.154822335,0
48,66,8.259306122,7.484771574,0
12,67,1.711387755,10.27664975,1
13,67,3.497183673,9.271573604,0
14,67,6.84555102,8.098984772,0
15,67,9.747469388,6.814720812,0
16,67,9.673061224,7.42893401,0
17,67,8.184897959,7.484771574,0
18,67,6.771142857,8.154822335,0
19,67,6.696734694,8.154822335,0
20,67,6.771142857,8.210659898,0
21,67,8.184897959,6.982233503,0
22,67,9.524244898,6.926395939,0
23,67,9.747469388,6.256345178,0
24,67,9.673061224,7.484771574,0
25,67,8.110489796,8.210659898,0
26,67,8.184897959,8.154822335,0
27,67,6.771142857,8.154822335,0
28,67,6.771142857,8.154822335,0
29,67,6.696734694,8.154822335,0
30,67,6.696734694,8.154822335,0
31,67,6.696734694,8.154822335,0
32,67,6.696734694,8.154822335,0
33,67,6.696734694,8.154822335,0
34,67,8.259306122,8.154822335,0
35,67,6.771142857,8.154822335,0
36,67,6.771142857,8.154822335,0
37,67,6.771142857,8.154822335,0
38,67,6.771142857,8.154822335,0
39,67,6.771142857,8.154822335,0
40,67,6.771142857,8.154822335,0
41,67,6.771142857,8.154822335,0
42,67,6.771142857,8.154822335,0
43,67,6.84555102,8.154822335,0
44,67,6.696734694,8.154822335,0
45,67,5.134163265,8.154822335,0
46,67,5.282979592,8.266497462,0
12,68,3.571591837,10.5,1
13,68,5.134163265,8.601522843,0
14,68,6.771142857,8.154822335,0
15,68,8.259306122,7.484771574,0
16,68,8.259306122,7.484771574,0
17,68,8.184897959,7.484771574,0
18,68,8.184897959,8.098984772,0
19,68,8.333714286,8.098984772,0
20,68,9.747469388,6.982233503,0
21,68,9.821877551,6.256345178,0
22,68,9.747469388,6.200507614,0
23,68,9.747469388,6.926395939,0
24,68,8.259306122,8.043147208,0
25,68,8.184897959,8.043147208,0
26,68,8.184897959,8.043147208,0
27,68,8.110489796,8.043147208,0
28,68,8.184897959,8.043147208,0
29,68,8.184897959,8.043147208,1
30,68,8.184897959,8.043147208,0
31,68,8.184897959,8.043147208,0
32,68,8.184897959,8.043147208,0
33,68,8.184897959,8.043147208,0
34,68,8.259306122,8.043147208,0
35,68,6.771142857,8.043147208,0
36,68,6.696734694,8.043147208,0
37,68,6.84555102,8.043147208,0
38,68,6.771142857,8.043147208,0
39,68,6.771142857,8.043147208,0
40,68,6.771142857,8.043147208,0
41,68,6.771142857,8.043147208,0
42,68,6.771142857,8.043147208,0
43,68,6.771142857,8.043147208,0
44,68,6.696734694,8.043147208,0
45,68,5.059755102,8.043147208,0
46,68,5.134163265,8.043147208,0
11,69,3.571591837,10.33248731,0
12,69,3.571591837,9.271573604,1
13,69,5.134163265,8.601522843,0
14,69,6.994367347,8.098984772,0
15,69,8.110489796,7.42893401,0
16,69,9.747469388,7.540609137,0
17,69,9.747469388,7.484771574,0
18,69,9.747469388,7.484771574,0
19,69,9.747469388,6.926395939,0
20,69,10.938,6.256345178,0
21,69,9.747469388,6.144670051,0
22,69,9.821877551,6.870558376,0
23,69,8.184897959,8.098984772,0
24,69,8.184897959,8.098984772,0
25,69,8.184897959,8.098984772,0
26,69,8.184897959,8.098984772,0
27,69,8.184897959,8.098984772,0
28,69,8.184897959,8.098984772,0
29,69,8.184897959,8.098984772,0
30,69,8.184897959,8.098984772,0
31,69,8.184897959,8.098984772,0
32,69,8.184897959,8.098984772,0
33,69,8.184897959,8.098984772,0
34,69,8.184897959,8.098984772,0
35,69,8.184897959,8.098984772,0
36,69,8.184897959,8.098984772,0
37,69,8.259306122,8.098984772,0
38,69,6.696734694,8.098984772,0
39,69,6.696734694,8.098984772,0
40,69,6.771142857,8.098984772,0
41,69,5.059755102,8.098984772,0
42,69,6.771142857,8.098984772,1
43,69,6.771142857,7.987309645,0
44,69,5.282979592,8.266497462,0
45,69,4.985346939,8.043147208,0
11,70,3.571591837,9.327411168,0
12,70,3.571591837,9.215736041,1
13,70,5.134163265,8.545685279,0
14,70,9.747469388,7.42893401,0
15,70,10.78918367,6.312182741,0
16,70,9.747469388,6.926395939,0
17,70,9.747469388,7.484771574,0
18,70,10.938,6.926395939,0
19,70,10.86359184,6.312182741,0
20,70,9.747469388,6.256345178,0
21,70,9.747469388,6.926395939,0
22,70,8.184897959,7.42893401,0
23,70,8.184897959,8.210659898,0
24,70,8.184897959,8.154822335,0
25,70,8.184897959,8.154822335,0
26,70,8.184897959,8.154822335,1
27,70,8.184897959,8.154822335,0
28,70,8.184897959,8.154822335,0
29,70,8.184897959,8.154822335,0
30,70,8.184897959,8.154822335,0
31,70,8.184897959,8.154822335,0
32,70,8.184897959,8.154822335,0
33,70,8.184897959,8.154822335,0
34,70,8.184897959,8.154822335,0
35,70,8.184897959,8.154822335,0
36,70,8.184897959,8.154822335,0
37,70,8.184897959,8.154822335,0
38,70,8.184897959,8.154822335,1
39,70,6.696734694,8.154822335,0
40,70,6.771142857,8.154822335,0
41,70,6.696734694,8.154822335,0
42,70,6.771142857,8.154822335,0
43,70,6.771142857,8.210659898,0
11,71,3.571591837,8.601522843,0
12,71,3.497183673,9.327411168,0
13,71,5.134163265,8.601522843,0
14,71,10.86359184,6.870558376,0
15,71,12.05412245,6.312182741,0
16,71,9.747469388,6.256345178,0
17,71,9.747469388,6.926395939,0
18,71,10.938,6.814720812,0
19,71,9.673061224,6.926395939,0
20,71,9.747469388,6.982233503,0
21,71,9.673061224,7.540609137,0
22,71,8.184897959,8.154822335,0
23,71,8.110489796,8.154822335,0
24,71,8.184897959,8.210659898,0
25,71,9.896285714,8.210659898,0
26,71,8.259306122,8.210659898,0
27,71,9.747469388,8.210659898,0
28,71,9.747469388,8.210659898,0
29,71,9.747469388,8.154822335,0
30,71,9.747469388,8.154822335,0
31,71,9.747469388,8.154822335,0
32,71,8.184897959,8.210659898,0
33,71,8.184897959,8.210659898,1
34,71,8.184897959,8.210659898,0
35,71,8.184897959,8.210659898,0
36,71,8.259306122,8.210659898,0
37,71,8.110489796,8.210659898,0
38,71,6.84555102,8.210659898,0
39,71,6.84555102,8.210659898,0
40,71,8.110489796,8.210659898,0
41,71,8.110489796,8.210659898,0
42,71,6.771142857,8.210659898,0
43,71,6.771142857,8.098984772,0
11,72,3.571591837,10.33248731,0
12,72,5.059755102,9.271573604,1
13,72,8.259306122,7.484771574,0
14,72,10.938,6.256345178,0
15,72,12.05412245,5.474619289,0
16,72,9.747469388,6.312182741,0
17,72,9.747469388,6.870558376,0
18,72,9.747469388,6.814720812,0
19,72,9.747469388,6.926395939,0
20,72,9.673061224,8.043147208,0
21,72,9.821877551,6.982233503,0
22,72,9.747469388,8.043147208,1
23,72,8.184897959,8.154822335,1
24,72,8.259306122,8.098984772,1
25,72,9.747469388,8.098984772,0
26,72,9.747469388,8.154822335,0
27,72,9.747469388,8.043147208,0
28,72,9.747469388,7.484771574,0
29,72,9.747469388,6.926395939,0
30,72,9.747469388,7.484771574,0
31,72,9.747469388,8.098984772,0
32,72,8.184897959,8.098984772,0
33,72,9.747469388,8.098984772,0
34,72,9.747469388,8.098984772,0
35,72,9.747469388,7.987309645,0
36,72,9.747469388,8.210659898,0
37,72,8.184897959,8.098984772,0
38,72,6.771142857,8.098984772,0
39,72,8.184897959,8.098984772,0
40,72,8.184897959,8.098984772,1
41,72,8.259306122,8.098984772,0
42,72,6.771142857,8.098984772,0
43,72,6.771142857,8.098984772,0
11,73,3.571591837,9.271573604,0
12,73,8.184897959,8.098984772,0
13,73,12.12853061,5.586294416,0
14,73,13.39346939,4.916243655,0
15,73,10.938,6.256345178,0
16,73,9.747469388,7.42893401,0
17,73,9.747469388,6.758883249,0
18,73,8.184897959,7.484771574,0
19,73,8.184897959,8.043147208,0
20,73,8.184897959,7.987309645,0
21,73,9.747469388,7.484771574,0
22,73,9.747469388,7.596446701,0
23,73,8.259306122,8.098984772,1
24,73,9.747469388,8.098984772,0
25,73,9.747469388,8.098984772,0
26,73,9.747469388,8.098984772,0
27,73,9.747469388,7.484771574,0
28,73,9.747469388,6.200507614,0
29,73,9.747469388,6.926395939,0
30,73,9.747469388,6.870558376,0
31,73,9.747469388,8.098984772,0
32,73,8.184897959,8.098984772,0
33,73,9.747469388,8.098984772,0
34,73,9.747469388,8.154822335,0
35,73,9.747469388,6.870558376,1
36,73,9.747469388,7.42893401,0
37,73,8.184897959,8.043147208,0
38,73,6.771142857,8.098984772,1
39,73,8.184897959,8.098984772,1
40,73,8.184897959,8.098984772,1
41,73,8.184897959,8.098984772,0
42,73,9.747469388,7.484771574,0
43,73,6.696734694,8.043147208,0
44,73,8.259306122,0.393401015,0
11,74,5.134163265,8.601522843,0
12,74,9.673061224,7.540609137,0
13,74,10.938,6.256345178,0
14,74,12.12853061,5.64213198,0
15,74,10.938,6.814720812,0
16,74,8.184897959,8.098984772,0
17,74,8.184897959,7.42893401,0
18,74,6.771142857,8.154822335,0
19,74,6.771142857,8.154822335,1
20,74,6.771142857,8.154822335,1
21,74,6.84555102,8.154822335,1
22,74,6.771142857,8.210659898,0
23,74,6.994367347,8.210659898,0
24,74,9.673061224,8.210659898,0
25,74,9.747469388,8.098984772,0
26,74,10.86359184,6.982233503,0
27,74,10.938,6.926395939,0
28,74,9.747469388,6.926395939,0
29,74,9.821877551,6.982233503,0
30,74,9.747469388,6.982233503,0
31,74,9.747469388,7.484771574,0
32,74,9.747469388,8.210659898,0
33,74,9.673061224,8.154822335,0
34,74,9.747469388,7.484771574,1
35,74,10.86359184,6.982233503,1
36,74,10.938,6.982233503,0
37,74,11.01240816,6.982233503,0
38,74,9.821877551,7.540609137,0
39,74,12.05412245,6.312182741,0
40,74,11.01240816,6.200507614,1
41,74,12.20293878,5.586294416,0
42,74,12.12853061,6.256345178,0
43,74,9.747469388,6.814720812,0
44,74,8.259306122,6.982233503,0
11,75,5.282979592,8.601522843,0
12,75,6.84555102,8.210659898,0
13,75,8.184897959,7.484771574,0
14,75,9.673061224,7.484771574,0
15,75,6.771142857,8.098984772,0
16,75,6.771142857,8.098984772,0
17,75,6.771142857,8.098984772,0
18,75,6.84555102,8.098984772,1
19,75,6.771142857,8.098984772,0
20,75,6.771142857,8.601522843,0
21,75,6.696734694,8.601522843,0
22,75,5.134163265,8.210659898,0
23,75,6.771142857,8.154822335,1
24,75,8.110489796,8.154822335,1
25,75,9.747469388,8.098984772,0
26,75,11.01240816,6.312182741,1
27,75,10.86359184,6.982233503,0
28,75,10.938,6.926395939,0
29,75,10.86359184,6.870558376,0
30,75,9.747469388,6.256345178,0
31,75,12.12853061,6.312182741,0
32,75,10.938,6.982233503,0
33,75,11.01240816,7.484771574,1
34,75,12.05412245,6.256345178,0
35,75,12.20293878,6.256345178,0
36,75,13.39346939,5.64213198,0
37,75,14.73281633,5.083756345,0
38,75,12.20293878,6.200507614,0
39,75,10.86359184,7.42893401,0
40,75,12.12853061,5.586294416,0
41,75,14.584,4.860406091,0
42,75,13.39346939,4.972081218,0
43,75,12.27734694,5.530456853,0
44,75,11.01240816,5.64213198,0
11,76,5.134163265,8.601522843,0
12,76,5.208571429,8.601522843,0
13,76,6.771142857,8.601522843,0
14,76,6.84555102,8.601522843,0
15,76,6.547918367,8.601522843,0
16,76,6.771142857,7.987309645,0
17,76,6.771142857,0.337563452,0
23,76,5.134163265,8.043147208,1
24,76,8.259306122,8.098984772,1
25,76,9.821877551,6.982233503,0
26,76,12.05412245,5.586294416,0
27,76,12.20293878,6.256345178,0
28,76,14.43518367,5.64213198,0
29,76,14.36077551,6.256345178,0
30,76,13.39346939,5.586294416,0
31,76,15.47689796,4.19035533,0
32,76,13.39346939,5.586294416,0
33,76,13.39346939,5.64213198,0
34,76,13.39346939,5.530456853,0
35,76,14.28636735,5.586294416,0
36,76,14.43518367,4.134517766,0
37,76,13.39346939,5.530456853,0
42,76,14.36077551,3.464467005,0
43,76,16.36979592,3.520304569,0
44,76,16.29538776,1.789340102,0
25,77,10.86359184,4.02284264,0
26,77,14.584,4.134517766,0
27,77,13.46787755,4.972081218,0
28,77,16.36979592,3.520304569,0
31,77,15.4024898,4.134517766,0
32,77,15.47689796,4.19035533,0
33,77,15.4024898,4.916243655,0
34,77,17.78355102,3.408629442,0
43,77,16.36979592,0.337563452,0
44,77,17.78355102,1.175126904,0
26,78,16.44420408,2.626903553,0
27,78,15.32808163,3.520304569,0
28,78,17.63473469,1.901015228,0
31,78,16.36979592,-0.5,0
32,78,15.4024898,-0.5,0
33,78,16.36979592,0.281725888,0
27,79,18.23,1.956852792,0
